Year,Sex,Age,Incidence Rate,Incident Cases,Population At-Risk,Standard Error
2004,BOTH,00to39,900.205,14535.0,1614632.2222,7.43
2004,BOTH,40to44,468.568,1218.0,259941.15237,13.43
2004,BOTH,45to49,412.404,1014.0,245875.64258,12.95
2004,BOTH,50to54,395.994,785.0,198235.2247,14.13
2004,BOTH,55to59,476.137,744.0,156257.70477,17.46
2004,BOTH,60to64,494.903,554.0,111941.20079,21.03
2004,BOTH,65to69,603.508,530.0,87819.835827,26.21
2004,BOTH,70to74,630.174,482.0,76486.788263,28.7
2004,BOTH,75to79,566.906,339.0,59798.294765,30.79
2004,BOTH,80to84,582.263,246.0,42248.94751,37.12
2004,BOTH,85+,741.802,246.0,33162.469984,47.3
2004,BOTH,ALL,716.914,20693.0,2886399.4837,4.98
2004,FEMALE,00to39,896.034,7046.0,786354.43766,10.63
2004,FEMALE,40to44,598.102,750.0,125396.61198,21.84
2004,FEMALE,45to49,547.862,645.0,117730.28897,21.57
2004,FEMALE,50to54,481.987,460.0,95438.263601,22.47
2004,FEMALE,55to59,576.356,438.0,75994.744333,27.54
2004,FEMALE,60to64,580.525,318.0,54778.044939,32.55
2004,FEMALE,65to69,668.567,297.0,44423.395302,38.79
2004,FEMALE,70to74,622.824,246.0,39497.492903,39.71
2004,FEMALE,75to79,574.33,189.0,32907.927494,41.78
2004,FEMALE,80to84,579.345,148.0,25546.07368,47.62
2004,FEMALE,85+,711.621,162.0,22764.914584,55.91
2004,FEMALE,ALL,753.009,10699.0,1420832.1954,7.28
2004,MALE,00to39,904.165,7489.0,828277.78453,10.4
2004,MALE,40to44,347.84,468.0,134544.54039,16.08
2004,MALE,45to49,287.954,369.0,128145.35361,14.99
2004,MALE,50to54,316.157,325.0,102796.9611,17.54
2004,MALE,55to59,381.247,306.0,80262.960436,21.79
2004,MALE,60to64,412.853,236.0,57163.155854,26.87
2004,MALE,65to69,536.91,233.0,43396.440526,35.17
2004,MALE,70to74,638.022,236.0,36989.29536,41.53
2004,MALE,75to79,557.821,150.0,26890.367271,45.55
2004,MALE,80to84,586.725,98.0,16702.873831,59.27
2004,MALE,85+,807.882,84.0,10397.5554,88.15
2004,MALE,ALL,681.92,9994.0,1465567.2883,6.82
2005,BOTH,00to39,957.029,15689.0,1639344.4229,7.6
2005,BOTH,40to44,454.24,1179.0,259554.29762,13.23
2005,BOTH,45to49,452.347,1141.0,252240.18236,13.39
2005,BOTH,50to54,415.613,870.0,209329.17784,14.09
2005,BOTH,55to59,477.389,791.0,165693.00526,16.97
2005,BOTH,60to64,509.46,597.0,117182.8058,20.85
2005,BOTH,65to69,558.657,501.0,89679.337531,24.96
2005,BOTH,70to74,579.2,446.0,77002.799642,27.43
2005,BOTH,75to79,606.363,375.0,61844.095304,31.31
2005,BOTH,80to84,640.747,277.0,43230.779955,38.5
2005,BOTH,85+,623.552,220.0,35281.755727,42.04
2005,BOTH,ALL,748.581,22086.0,2950382.66,5.04
2005,FEMALE,00to39,949.343,7579.0,798341.21735,10.85
2005,FEMALE,40to44,563.23,706.0,125348.36386,21.2
2005,FEMALE,45to49,578.115,699.0,120910.17828,21.87
2005,FEMALE,50to54,543.637,546.0,100434.71473,23.27
2005,FEMALE,55to59,598.128,480.0,80250.430706,27.3
2005,FEMALE,60to64,587.141,336.0,57226.470172,32.03
2005,FEMALE,65to69,651.671,295.0,45268.262249,37.94
2005,FEMALE,70to74,598.388,238.0,39773.514262,38.79
2005,FEMALE,75to79,644.68,217.0,33660.108072,43.76
2005,FEMALE,80to84,576.559,150.0,26016.430546,47.08
2005,FEMALE,85+,612.704,148.0,24155.204536,50.36
2005,FEMALE,ALL,785.043,11394.0,1451384.8948,7.35
2005,MALE,00to39,964.325,8110.0,841003.20559,10.66
2005,MALE,40to44,352.443,473.0,134205.93376,16.21
2005,MALE,45to49,336.557,442.0,131330.00409,16.01
2005,MALE,50to54,297.536,324.0,108894.46311,16.53
2005,MALE,55to59,363.987,311.0,85442.574554,20.64
2005,MALE,60to64,435.317,261.0,59956.335625,26.95
2005,MALE,65to69,463.848,206.0,44411.075282,32.32
2005,MALE,70to74,558.7,208.0,37229.28538,38.74
2005,MALE,75to79,560.602,158.0,28183.987232,44.6
2005,MALE,80to84,737.757,127.0,17214.349409,65.47
2005,MALE,85+,647.101,72.0,11126.551192,76.26
2005,MALE,ALL,713.277,10692.0,1498997.7652,6.9
2006,BOTH,00to39,828.22,13920.0,1680712.1056,6.99
2006,BOTH,40to44,409.992,1052.0,256590.65959,12.64
2006,BOTH,45to49,403.823,1042.0,258033.8259,12.51
2006,BOTH,50to54,372.765,827.0,221855.84338,12.96
2006,BOTH,55to59,395.714,692.0,174873.72806,15.04
2006,BOTH,60to64,488.211,602.0,123307.32809,19.9
2006,BOTH,65to69,522.534,486.0,93008.369828,23.7
2006,BOTH,70to74,515.478,400.0,77597.890796,25.77
2006,BOTH,75to79,603.873,385.0,63755.178308,30.78
2006,BOTH,80to84,579.781,258.0,44499.541208,36.1
2006,BOTH,85+,667.764,251.0,37588.15025,42.15
2006,BOTH,ALL,656.866,19915.0,3031822.621,4.65
2006,FEMALE,00to39,811.509,6632.0,817243.12291,9.92
2006,FEMALE,40to44,526.393,649.0,123291.89389,20.66
2006,FEMALE,45to49,510.19,631.0,123679.53008,20.31
2006,FEMALE,50to54,448.505,476.0,106130.29831,20.56
2006,FEMALE,55to59,474.575,400.0,84285.935887,23.73
2006,FEMALE,60to64,572.691,345.0,60241.909741,30.83
2006,FEMALE,65to69,585.244,274.0,46818.111454,35.36
2006,FEMALE,70to74,570.426,229.0,40145.446919,37.69
2006,FEMALE,75to79,594.957,205.0,34456.281843,41.55
2006,FEMALE,80to84,582.965,155.0,26588.207016,46.82
2006,FEMALE,85+,626.091,160.0,25555.371211,49.5
2006,FEMALE,ALL,682.327,10156.0,1488436.1093,6.77
2006,MALE,00to39,844.037,7288.0,863468.98272,9.85
2006,MALE,40to44,302.328,403.0,133298.7657,15.06
2006,MALE,45to49,305.908,411.0,134354.29582,15.09
2006,MALE,50to54,303.304,351.0,115725.54507,16.19
2006,MALE,55to59,322.339,292.0,90587.792168,18.86
2006,MALE,60to64,407.513,257.0,63065.418354,25.42
2006,MALE,65to69,458.971,212.0,46190.258373,31.52
2006,MALE,70to74,456.579,171.0,37452.443877,34.92
2006,MALE,75to79,614.358,180.0,29298.896466,45.79
2006,MALE,80to84,575.055,103.0,17911.334192,56.66
2006,MALE,85+,756.268,91.0,12032.779039,79.28
2006,MALE,ALL,632.311,9759.0,1543386.5118,6.4
2007,BOTH,00to39,742.267,12815.0,1726468.5017,6.53
2007,BOTH,40to44,376.335,953.0,253231.59238,12.19
2007,BOTH,45to49,382.907,1010.0,263771.8642,12.05
2007,BOTH,50to54,369.836,863.0,233346.87756,12.59
2007,BOTH,55to59,418.792,753.0,179803.06208,15.26
2007,BOTH,60to64,418.617,559.0,133534.85308,17.71
2007,BOTH,65to69,477.62,460.0,96310.800579,22.27
2007,BOTH,70to74,518.465,404.0,77922.353654,25.79
2007,BOTH,75to79,535.414,347.0,64809.622749,28.74
2007,BOTH,80to84,550.683,249.0,45216.598841,34.9
2007,BOTH,85+,572.408,226.0,39482.349744,38.08
2007,BOTH,ALL,598.574,18639.0,3113898.4766,4.38
2007,FEMALE,00to39,720.547,6048.0,839362.87509,9.23
2007,FEMALE,40to44,476.569,574.0,120444.27121,19.89
2007,FEMALE,45to49,438.306,553.0,126167.69398,18.64
2007,FEMALE,50to54,457.297,507.0,110868.75655,20.31
2007,FEMALE,55to59,465.215,402.0,86411.698637,23.2
2007,FEMALE,60to64,486.545,317.0,65153.27416,27.33
2007,FEMALE,65to69,513.459,248.0,48299.844281,32.6
2007,FEMALE,70to74,570.525,230.0,40313.750436,37.62
2007,FEMALE,75to79,527.408,184.0,34887.623954,38.88
2007,FEMALE,80to84,575.918,154.0,26739.913361,46.41
2007,FEMALE,85+,576.158,154.0,26728.76414,46.43
2007,FEMALE,ALL,614.339,9371.0,1525378.4658,6.35
2007,MALE,00to39,762.818,6767.0,887105.62666,9.24
2007,MALE,40to44,285.419,379.0,132787.32117,14.66
2007,MALE,45to49,332.112,457.0,137604.17022,15.54
2007,MALE,50to54,290.664,356.0,122478.12102,15.41
2007,MALE,55to59,375.838,351.0,93391.363442,20.06
2007,MALE,60to64,353.896,242.0,68381.578919,22.75
2007,MALE,65to69,441.566,212.0,48010.956299,30.33
2007,MALE,70to74,462.66,174.0,37608.603218,35.07
2007,MALE,75to79,544.75,163.0,29921.998795,42.67
2007,MALE,80to84,514.161,95.0,18476.68548,52.75
2007,MALE,85+,564.547,72.0,12753.585604,66.53
2007,MALE,ALL,583.436,9268.0,1588520.0108,6.06
2008,BOTH,00to39,700.988,12383.0,1766507.7993,6.28
2008,BOTH,40to44,385.156,956.0,248211.4234,12.46
2008,BOTH,45to49,351.297,943.0,268433.80431,11.44
2008,BOTH,50to54,346.37,840.0,242515.28914,11.95
2008,BOTH,55to59,373.368,694.0,185875.53108,14.17
2008,BOTH,60to64,396.618,565.0,142454.31889,16.69
2008,BOTH,65to69,391.263,393.0,100443.99822,19.74
2008,BOTH,70to74,483.876,379.0,78325.790584,24.86
2008,BOTH,75to79,480.958,316.0,65702.213229,27.06
2008,BOTH,80to84,490.683,227.0,46262.05765,32.57
2008,BOTH,85+,580.538,237.0,40824.187495,37.71
2008,BOTH,ALL,562.947,17933.0,3185556.4133,4.2
2008,FEMALE,00to39,682.587,5872.0,860256.97068,8.88
2008,FEMALE,40to44,455.063,534.0,117346.44971,19.69
2008,FEMALE,45to49,424.216,543.0,128000.93988,18.2
2008,FEMALE,50to54,422.919,485.0,114679.25226,19.2
2008,FEMALE,55to59,414.38,369.0,89048.615521,21.57
2008,FEMALE,60to64,481.682,334.0,69340.341428,26.36
2008,FEMALE,65to69,444.249,223.0,50197.05878,29.75
2008,FEMALE,70to74,485.43,197.0,40582.554787,34.59
2008,FEMALE,75to79,478.39,169.0,35326.84704,36.8
2008,FEMALE,80to84,479.486,130.0,27112.382383,42.05
2008,FEMALE,85+,483.043,133.0,27533.799137,41.89
2008,FEMALE,ALL,576.43,8989.0,1559425.2116,6.08
2008,MALE,00to39,718.455,6511.0,906250.82861,8.87
2008,MALE,40to44,322.47,422.0,130864.97369,15.7
2008,MALE,45to49,284.834,400.0,140432.86442,14.24
2008,MALE,50to54,277.699,355.0,127836.03688,14.74
2008,MALE,55to59,335.65,325.0,96826.915556,18.62
2008,MALE,60to64,315.945,231.0,73113.977459,20.79
2008,MALE,65to69,338.329,170.0,50246.939436,25.95
2008,MALE,70to74,482.206,182.0,37743.235797,35.74
2008,MALE,75to79,483.945,147.0,30375.366188,39.92
2008,MALE,80to84,506.536,97.0,19149.675266,51.43
2008,MALE,85+,782.52,104.0,13290.388357,76.73
2008,MALE,ALL,550.017,8944.0,1626131.2017,5.82
2009,BOTH,00to39,690.615,12477.0,1806649.4906,6.16
2009,BOTH,40to44,394.152,964.0,244575.70992,12.69
2009,BOTH,45to49,381.577,1037.0,271766.60379,11.85
2009,BOTH,50to54,354.491,887.0,250218.13918,11.9
2009,BOTH,55to59,368.274,720.0,195506.80032,13.72
2009,BOTH,60to64,394.627,594.0,150521.86453,16.19
2009,BOTH,65to69,443.172,464.0,104699.7741,20.57
2009,BOTH,70to74,464.189,370.0,79708.901921,24.13
2009,BOTH,75to79,453.596,300.0,66138.160769,26.19
2009,BOTH,80to84,469.571,223.0,47490.14634,31.44
2009,BOTH,85+,505.692,214.0,42318.267206,34.57
2009,BOTH,ALL,559.886,18250.0,3259593.8587,4.14
2009,FEMALE,00to39,669.087,5901.0,881948.5705,8.68
2009,FEMALE,40to44,497.746,574.0,115319.76811,20.78
2009,FEMALE,45to49,489.042,631.0,129027.70497,19.47
2009,FEMALE,50to54,429.123,506.0,117914.91232,19.08
2009,FEMALE,55to59,441.541,412.0,93309.601019,21.75
2009,FEMALE,60to64,450.631,330.0,73230.694299,24.81
2009,FEMALE,65to69,498.51,260.0,52155.410147,30.92
2009,FEMALE,70to74,495.094,205.0,41406.267991,34.58
2009,FEMALE,75to79,454.484,161.0,35424.774302,35.82
2009,FEMALE,80to84,446.757,123.0,27531.717332,40.28
2009,FEMALE,85+,505.173,144.0,28505.101793,42.1
2009,FEMALE,ALL,579.468,9247.0,1595774.5228,6.03
2009,MALE,00to39,711.149,6576.0,924700.92013,8.74
2009,MALE,40to44,301.727,390.0,129255.94181,15.28
2009,MALE,45to49,284.435,406.0,142738.89882,14.12
2009,MALE,50to54,287.975,381.0,132303.22687,14.75
2009,MALE,55to59,301.378,308.0,102197.1993,17.17
2009,MALE,60to64,341.566,264.0,77291.170226,21.02
2009,MALE,65to69,388.243,204.0,52544.363952,27.18
2009,MALE,70to74,430.78,165.0,38302.63393,33.54
2009,MALE,75to79,452.571,139.0,30713.386467,38.39
2009,MALE,80to84,501.041,100.0,19958.429008,50.1
2009,MALE,85+,506.763,70.0,13813.165413,60.57
2009,MALE,ALL,541.104,9003.0,1663819.3359,5.7
2010,BOTH,00to39,725.688,13217.0,1821306.2011,6.29
2010,BOTH,40to44,389.206,938.0,241003.48565,12.71
2010,BOTH,45to49,390.58,1053.0,269598.8543,12.04
2010,BOTH,50to54,386.696,990.0,256015.20313,12.29
2010,BOTH,55to59,384.994,792.0,205717.62749,13.68
2010,BOTH,60to64,419.38,666.0,158805.67737,16.25
2010,BOTH,65to69,445.446,483.0,108430.76755,20.27
2010,BOTH,70to74,477.443,390.0,81685.182515,24.18
2010,BOTH,75to79,502.239,333.0,66303.118393,27.52
2010,BOTH,80to84,494.379,243.0,49152.61613,31.71
2010,BOTH,85+,523.006,229.0,43785.320442,34.56
2010,BOTH,ALL,585.559,19334.0,3301804.054,4.21
2010,FEMALE,00to39,702.704,6280.0,893691.0589,8.84
2010,FEMALE,40to44,495.843,565.0,113947.37035,20.86
2010,FEMALE,45to49,493.734,630.0,127599.07566,19.67
2010,FEMALE,50to54,465.916,562.0,120622.50954,19.65
2010,FEMALE,55to59,463.469,452.0,97525.482371,21.8
2010,FEMALE,60to64,511.321,394.0,77055.379493,25.76
2010,FEMALE,65to69,523.84,283.0,54024.164115,31.14
2010,FEMALE,70to74,526.831,223.0,42328.548016,35.28
2010,FEMALE,75to79,493.326,175.0,35473.532235,37.29
2010,FEMALE,80to84,474.127,134.0,28262.444052,40.96
2010,FEMALE,85+,479.49,141.0,29406.226803,40.38
2010,FEMALE,ALL,607.37,9839.0,1619935.7915,6.12
2010,MALE,00to39,747.832,6937.0,927615.14217,8.95
2010,MALE,40to44,293.571,373.0,127056.1153,15.2
2010,MALE,45to49,297.888,423.0,141999.77865,14.48
2010,MALE,50to54,316.118,428.0,135392.69359,15.28
2010,MALE,55to59,314.256,340.0,108192.14512,17.04
2010,MALE,60to64,332.721,272.0,81750.297879,20.17
2010,MALE,65to69,367.602,200.0,54406.60343,25.99
2010,MALE,70to74,424.325,167.0,39356.634499,32.84
2010,MALE,75to79,512.495,158.0,30829.586158,40.77
2010,MALE,80to84,521.776,109.0,20890.172079,49.98
2010,MALE,85+,612.0,88.0,14379.093638,65.24
2010,MALE,ALL,564.551,9495.0,1681868.2625,5.79
2011,BOTH,00to39,668.319,12284.0,1838043.9058,6.01
2011,BOTH,40to44,374.982,908.0,242144.63946,12.44
2011,BOTH,45to49,398.14,1046.0,262721.62771,12.31
2011,BOTH,50to54,400.587,1044.0,260617.56554,12.4
2011,BOTH,55to59,364.176,789.0,216653.29329,12.97
2011,BOTH,60to64,410.256,682.0,166237.50648,15.71
2011,BOTH,65to69,426.156,484.0,113573.52894,19.37
2011,BOTH,70to74,449.922,379.0,84236.909604,23.11
2011,BOTH,75to79,514.812,344.0,66820.499429,27.76
2011,BOTH,80to84,495.668,251.0,50638.734833,31.29
2011,BOTH,85+,546.75,249.0,45541.863081,34.65
2011,BOTH,ALL,551.501,18460.0,3347230.0741,4.06
2011,FEMALE,00to39,632.706,5732.0,905950.44019,8.33
2011,FEMALE,40to44,446.576,513.0,114874.10277,19.72
2011,FEMALE,45to49,494.916,613.0,123859.35048,19.99
2011,FEMALE,50to54,459.755,565.0,122891.53962,19.34
2011,FEMALE,55to59,433.693,444.0,102376.59702,20.58
2011,FEMALE,60to64,503.779,405.0,80392.46622,25.03
2011,FEMALE,65to69,472.752,267.0,56477.854781,28.93
2011,FEMALE,70to74,491.253,214.0,43562.066106,33.58
2011,FEMALE,75to79,549.397,196.0,35675.47434,39.24
2011,FEMALE,80to84,523.855,151.0,28824.785711,42.63
2011,FEMALE,85+,541.481,165.0,30471.977794,42.15
2011,FEMALE,ALL,563.1,9265.0,1645356.655,5.85
2011,MALE,00to39,702.934,6552.0,932093.46558,8.65
2011,MALE,40to44,310.362,395.0,127270.53669,15.62
2011,MALE,45to49,311.82,433.0,138862.27724,14.99
2011,MALE,50to54,347.792,479.0,137726.02592,15.89
2011,MALE,55to59,301.899,345.0,114276.69627,16.25
2011,MALE,60to64,322.674,277.0,85845.040259,19.39
2011,MALE,65to69,380.064,217.0,57095.674156,25.8
2011,MALE,70to74,405.656,165.0,40674.843498,31.58
2011,MALE,75to79,475.196,148.0,31145.025088,39.06
2011,MALE,80to84,458.422,100.0,21813.949122,45.84
2011,MALE,85+,557.403,84.0,15069.885288,60.82
2011,MALE,ALL,540.287,9195.0,1701873.4191,5.63
2012,BOTH,00to39,660.124,12414.0,1880554.9285,5.91
2012,BOTH,40to44,393.597,971.0,246698.89944,12.63
2012,BOTH,45to49,387.62,995.0,256694.88525,12.29
2012,BOTH,50to54,398.628,1051.0,263654.66406,12.3
2012,BOTH,55to59,391.626,888.0,226746.69229,13.14
2012,BOTH,60to64,408.987,697.0,170421.22105,15.49
2012,BOTH,65to69,467.617,577.0,123391.53885,19.47
2012,BOTH,70to74,480.893,419.0,87129.593061,23.49
2012,BOTH,75to79,486.644,329.0,67605.892413,26.83
2012,BOTH,80to84,500.41,258.0,51557.74979,31.15
2012,BOTH,85+,554.196,263.0,47456.13263,34.17
2012,BOTH,ALL,551.212,18862.0,3421912.1973,4.01
2012,FEMALE,00to39,632.258,5863.0,927310.79407,8.23
2012,FEMALE,40to44,488.385,571.0,116916.03775,20.44
2012,FEMALE,45to49,473.609,574.0,121197.13119,19.77
2012,FEMALE,50to54,477.16,595.0,124696.14788,19.56
2012,FEMALE,55to59,462.574,496.0,107226.16243,20.77
2012,FEMALE,60to64,485.896,400.0,82322.18097,24.29
2012,FEMALE,65to69,525.108,321.0,61130.335629,29.31
2012,FEMALE,70to74,542.791,243.0,44768.637687,34.82
2012,FEMALE,75to79,513.83,185.0,36004.156573,37.78
2012,FEMALE,80to84,497.426,145.0,29150.090229,41.31
2012,FEMALE,85+,534.894,168.0,31408.114385,41.27
2012,FEMALE,ALL,568.387,9561.0,1682129.7888,5.81
2012,MALE,00to39,687.232,6551.0,953244.13441,8.46
2012,MALE,40to44,308.207,400.0,129782.86168,15.41
2012,MALE,45to49,310.706,421.0,135497.75405,15.14
2012,MALE,50to54,328.155,456.0,138958.51618,15.37
2012,MALE,55to59,327.977,392.0,119520.52986,16.57
2012,MALE,60to64,337.121,297.0,88099.040078,19.56
2012,MALE,65to69,411.171,256.0,62261.203224,25.7
2012,MALE,70to74,415.477,176.0,42360.955374,31.32
2012,MALE,75to79,455.671,144.0,31601.73584,37.97
2012,MALE,80to84,504.292,113.0,22407.659561,47.44
2012,MALE,85+,591.973,95.0,16048.018245,60.74
2012,MALE,ALL,534.607,9301.0,1739782.4085,5.54
2013,BOTH,00to39,683.864,13252.0,1937813.4245,5.92
2013,BOTH,40to44,434.181,1097.0,252659.82541,13.11
2013,BOTH,45to49,436.066,1097.0,251567.6835,13.17
2013,BOTH,50to54,399.185,1064.0,266543.12555,12.24
2013,BOTH,55to59,376.353,889.0,236214.38381,12.62
2013,BOTH,60to64,396.099,702.0,177228.29043,14.95
2013,BOTH,65to69,409.454,544.0,132859.8143,17.56
2013,BOTH,70to74,458.791,419.0,91327.077734,22.41
2013,BOTH,75to79,474.921,326.0,68643.001724,26.3
2013,BOTH,80to84,443.896,233.0,52489.826703,29.08
2013,BOTH,85+,511.231,252.0,49292.801922,32.2
2013,BOTH,ALL,565.17,19875.0,3516639.2556,4.01
2013,FEMALE,00to39,667.033,6363.0,953926.18954,8.33
2013,FEMALE,40to44,575.944,688.0,119456.14365,21.96
2013,FEMALE,45to49,548.584,652.0,118851.38752,21.48
2013,FEMALE,50to54,486.046,615.0,126531.23488,19.6
2013,FEMALE,55to59,453.109,506.0,111672.99349,20.14
2013,FEMALE,60to64,456.984,391.0,85560.896455,23.11
2013,FEMALE,65to69,447.846,294.0,65647.620249,26.12
2013,FEMALE,70to74,474.587,221.0,46566.843367,31.92
2013,FEMALE,75to79,515.572,188.0,36464.324264,37.6
2013,FEMALE,80to84,433.906,128.0,29499.463551,38.35
2013,FEMALE,85+,514.627,166.0,32256.359869,39.94
2013,FEMALE,ALL,591.508,10212.0,1726433.4568,5.85
2013,MALE,00to39,700.182,6889.0,983887.23494,8.41
2013,MALE,40to44,307.049,409.0,133203.68176,15.18
2013,MALE,45to49,335.302,445.0,132716.29599,15.89
2013,MALE,50to54,320.687,449.0,140011.89068,15.13
2013,MALE,55to59,307.528,383.0,124541.39032,15.71
2013,MALE,60to64,339.27,311.0,91667.393978,19.24
2013,MALE,65to69,371.956,250.0,67212.194055,23.52
2013,MALE,70to74,442.357,198.0,44760.234367,31.44
2013,MALE,75to79,428.855,138.0,32178.67746,36.51
2013,MALE,80to84,456.713,105.0,22990.363153,44.57
2013,MALE,85+,504.8,86.0,17036.442053,54.43
2013,MALE,ALL,539.77,9663.0,1790205.7987,5.49
2014,BOTH,00to39,687.97,13718.0,1993982.772,5.85
2014,BOTH,40to44,427.528,1103.0,257994.50347,12.87
2014,BOTH,45to49,418.631,1037.0,247712.38941,13.0
2014,BOTH,50to54,423.793,1136.0,268055.21598,12.57
2014,BOTH,55to59,400.029,971.0,242732.64606,12.84
2014,BOTH,60to64,401.275,748.0,186405.7655,14.67
2014,BOTH,65to69,429.753,603.0,140313.04929,17.5
2014,BOTH,70to74,440.777,421.0,95513.053723,21.48
2014,BOTH,75to79,465.282,326.0,70065.098937,25.77
2014,BOTH,80to84,428.954,228.0,53152.561854,28.41
2014,BOTH,85+,482.036,247.0,51241.025007,30.67
2014,BOTH,ALL,569.366,20538.0,3607168.0812,3.97
2014,FEMALE,00to39,660.923,6482.0,980749.49168,8.18
2014,FEMALE,40to44,526.709,642.0,121889.01684,20.79
2014,FEMALE,45to49,523.74,615.0,117424.69744,21.12
2014,FEMALE,50to54,495.373,632.0,127580.74116,19.7
2014,FEMALE,55to59,476.725,548.0,114950.90302,20.36
2014,FEMALE,60to64,465.825,419.0,89947.884532,22.76
2014,FEMALE,65to69,479.895,333.0,69390.155899,26.3
2014,FEMALE,70to74,468.817,227.0,48419.783247,31.12
2014,FEMALE,75to79,546.615,203.0,37137.645666,38.36
2014,FEMALE,80to84,428.75,127.0,29620.979682,38.05
2014,FEMALE,85+,464.447,154.0,33157.699304,37.43
2014,FEMALE,ALL,586.465,10382.0,1770268.9985,5.76
2014,MALE,00to39,714.149,7236.0,1013233.2803,8.37
2014,MALE,40to44,338.708,461.0,136105.48663,15.78
2014,MALE,45to49,323.899,422.0,130287.69197,15.77
2014,MALE,50to54,358.784,504.0,140474.47482,15.98
2014,MALE,55to59,331.033,423.0,127781.74305,16.1
2014,MALE,60to64,341.082,329.0,96457.880968,18.8
2014,MALE,65to69,380.695,270.0,70922.893394,23.17
2014,MALE,70to74,411.948,194.0,47093.270476,29.58
2014,MALE,75to79,373.548,123.0,32927.45327,33.68
2014,MALE,80to84,429.21,101.0,23531.582172,42.71
2014,MALE,85+,514.286,93.0,18083.325703,53.33
2014,MALE,ALL,552.888,10156.0,1836899.0827,5.49
2015,BOTH,00to39,669.976,13533.0,2019922.8266,5.74
2015,BOTH,40to44,480.018,1245.0,259365.03345,13.6
2015,BOTH,45to49,437.063,1069.0,244587.10399,13.37
2015,BOTH,50to54,407.627,1078.0,264457.61185,12.42
2015,BOTH,55to59,443.25,1094.0,246813.37647,13.4
2015,BOTH,60to64,399.532,780.0,195228.64084,14.31
2015,BOTH,65to69,422.876,626.0,148033.88842,16.9
2015,BOTH,70to74,434.278,431.0,99245.072845,20.92
2015,BOTH,75to79,449.079,322.0,71702.328243,25.03
2015,BOTH,80to84,475.569,254.0,53409.707796,29.84
2015,BOTH,85+,488.518,259.0,53017.499725,30.36
2015,BOTH,ALL,565.98,20691.0,3655783.0902,3.93
2015,FEMALE,00to39,658.851,6556.0,995065.80891,8.11
2015,FEMALE,40to44,559.463,690.0,123332.50808,21.3
2015,FEMALE,45to49,537.839,626.0,116391.75555,21.5
2015,FEMALE,50to54,454.192,575.0,126598.57047,18.94
2015,FEMALE,55to59,495.94,583.0,117554.54358,20.54
2015,FEMALE,60to64,447.593,421.0,94058.759025,21.81
2015,FEMALE,65to69,466.053,341.0,73167.694108,25.24
2015,FEMALE,70to74,491.875,247.0,50216.022229,31.3
2015,FEMALE,75to79,480.672,182.0,37863.619621,35.63
2015,FEMALE,80to84,456.269,135.0,29587.798692,39.27
2015,FEMALE,85+,513.634,174.0,33876.243237,38.94
2015,FEMALE,ALL,585.744,10530.0,1797713.3235,5.71
2015,MALE,00to39,680.778,6977.0,1024857.0177,8.12
2015,MALE,40to44,407.991,555.0,136032.52537,17.32
2015,MALE,45to49,345.566,443.0,128195.34844,16.42
2015,MALE,50to54,364.865,503.0,137859.04138,16.27
2015,MALE,55to59,395.331,511.0,129258.83289,17.49
2015,MALE,60to64,354.849,359.0,101169.88181,18.73
2015,MALE,65to69,380.679,285.0,74866.194316,22.55
2015,MALE,70to74,375.288,184.0,49029.050616,27.67
2015,MALE,75to79,413.727,140.0,33838.708622,34.97
2015,MALE,80to84,499.54,119.0,23821.909104,45.79
2015,MALE,85+,444.067,85.0,19141.256488,48.17
2015,MALE,ALL,546.858,10161.0,1858069.7667,5.43
2016,BOTH,00to39,650.21,13243.0,2036725.2204,5.63
2016,BOTH,40to44,404.029,1051.0,260129.92787,12.46
2016,BOTH,45to49,430.67,1059.0,245895.65631,13.23
2016,BOTH,50to54,417.225,1072.0,256935.57655,12.74
2016,BOTH,55to59,409.969,1021.0,249043.12358,12.83
2016,BOTH,60to64,417.436,852.0,204102.95044,14.3
2016,BOTH,65to69,406.564,630.0,154957.18482,16.2
2016,BOTH,70to74,484.887,506.0,104354.10999,21.56
2016,BOTH,75to79,431.172,319.0,73984.45592,24.14
2016,BOTH,80to84,413.355,224.0,54190.649353,27.62
2016,BOTH,85+,439.538,243.0,55285.382849,28.2
2016,BOTH,ALL,547.164,20221.0,3695604.2381,3.85
2016,FEMALE,00to39,624.355,6288.0,1007119.7672,7.85
2016,FEMALE,40to44,464.201,580.0,124945.95306,19.27
2016,FEMALE,45to49,505.727,593.0,117257.02254,20.77
2016,FEMALE,50to54,473.87,585.0,123451.56077,19.59
2016,FEMALE,55to59,463.186,554.0,119606.26588,19.68
2016,FEMALE,60to64,482.319,476.0,98689.948151,22.11
2016,FEMALE,65to69,458.707,351.0,76519.415307,24.48
2016,FEMALE,70to74,552.515,292.0,52849.214875,32.33
2016,FEMALE,75to79,469.688,183.0,38962.069545,34.72
2016,FEMALE,80to84,422.536,126.0,29819.959155,37.64
2016,FEMALE,85+,434.173,152.0,35009.09966,35.22
2016,FEMALE,ALL,558.044,10180.0,1824230.2762,5.53
2016,MALE,00to39,675.501,6955.0,1029605.4532,8.07
2016,MALE,40to44,348.414,471.0,135183.9748,16.05
2016,MALE,45to49,362.255,466.0,128638.63377,16.78
2016,MALE,50to54,364.838,487.0,133484.01578,16.53
2016,MALE,55to59,360.794,467.0,129436.8577,16.7
2016,MALE,60to64,356.692,376.0,105413.00228,18.39
2016,MALE,65to69,355.696,279.0,78437.769514,21.29
2016,MALE,70to74,415.494,214.0,51504.895116,28.4
2016,MALE,75to79,388.323,136.0,35022.386375,33.3
2016,MALE,80to84,402.122,98.0,24370.690197,40.62
2016,MALE,85+,448.8,91.0,20276.28319,47.05
2016,MALE,ALL,536.504,10040.0,1871373.9619,5.35
2017,BOTH,00to39,629.225,12862.0,2044102.3075,5.53
2017,BOTH,40to44,396.277,1041.0,262694.97492,12.28
2017,BOTH,45to49,421.516,1045.0,247914.46791,13.04
2017,BOTH,50to54,418.472,1044.0,249478.96899,12.95
2017,BOTH,55to59,409.182,1026.0,250744.19251,12.77
2017,BOTH,60to64,382.373,816.0,213404.0219,13.39
2017,BOTH,65to69,452.619,722.0,159516.18307,16.84
2017,BOTH,70to74,445.941,506.0,113468.037,19.82
2017,BOTH,75to79,452.155,349.0,77185.904127,24.2
2017,BOTH,80to84,444.943,245.0,55063.189129,28.43
2017,BOTH,85+,487.473,279.0,57233.956709,29.18
2017,BOTH,ALL,534.335,19935.0,3730806.2038,3.78
2017,FEMALE,00to39,591.551,5994.0,1013267.8675,7.62
2017,FEMALE,40to44,471.85,600.0,127159.13235,19.26
2017,FEMALE,45to49,506.979,599.0,118150.83563,20.71
2017,FEMALE,50to54,492.558,590.0,119782.73209,20.28
2017,FEMALE,55to59,438.461,531.0,121105.4686,19.03
2017,FEMALE,60to64,438.198,453.0,103377.9863,20.59
2017,FEMALE,65to69,497.439,392.0,78803.573233,25.12
2017,FEMALE,70to74,510.07,293.0,57443.140065,29.8
2017,FEMALE,75to79,478.228,194.0,40566.412549,34.33
2017,FEMALE,80to84,436.393,132.0,30247.932477,37.98
2017,FEMALE,85+,480.617,173.0,35995.404186,36.54
2017,FEMALE,ALL,539.086,9951.0,1845900.485,5.4
2017,MALE,00to39,666.256,6868.0,1030834.44,8.01
2017,MALE,40to44,325.375,441.0,135535.84257,15.49
2017,MALE,45to49,343.702,446.0,129763.63228,16.27
2017,MALE,50to54,350.049,454.0,129696.2369,16.43
2017,MALE,55to59,381.83,495.0,129638.72391,17.16
2017,MALE,60to64,329.922,363.0,110026.03561,17.32
2017,MALE,65to69,408.858,330.0,80712.609836,22.51
2017,MALE,70to74,380.188,213.0,56024.896936,26.05
2017,MALE,75to79,423.272,155.0,36619.491578,34.0
2017,MALE,80to84,455.365,113.0,24815.256652,42.84
2017,MALE,85+,499.092,106.0,21238.552523,48.48
2017,MALE,ALL,529.682,9984.0,1884905.7188,5.3
2018,BOTH,00to39,603.463,12420.0,2058121.9089,5.4
2018,BOTH,40to44,399.69,1070.0,267707.60769,12.22
2018,BOTH,45to49,380.357,951.0,250027.99501,12.33
2018,BOTH,50to54,386.423,936.0,242221.86567,12.63
2018,BOTH,55to59,406.116,1024.0,252144.99984,12.69
2018,BOTH,60to64,397.913,882.0,221656.56332,13.4
2018,BOTH,65to69,442.242,734.0,165972.30803,16.32
2018,BOTH,70to74,438.298,534.0,121834.90986,18.97
2018,BOTH,75to79,449.133,365.0,81267.636162,23.51
2018,BOTH,80to84,464.571,260.0,55965.659894,28.81
2018,BOTH,85+,455.387,270.0,59290.270758,27.71
2018,BOTH,ALL,514.961,19446.0,3776211.7251,3.69
2018,FEMALE,00to39,590.811,6031.0,1020799.4918,7.59
2018,FEMALE,40to44,478.644,621.0,129741.57606,19.21
2018,FEMALE,45to49,454.17,542.0,119338.64997,19.51
2018,FEMALE,50to54,453.944,527.0,116093.60585,19.77
2018,FEMALE,55to59,455.163,557.0,122373.72235,19.29
2018,FEMALE,60to64,453.388,487.0,107413.52042,20.54
2018,FEMALE,65to69,480.415,394.0,82012.441391,24.2
2018,FEMALE,70to74,491.514,303.0,61646.28307,28.24
2018,FEMALE,75to79,505.236,215.0,42554.349186,34.46
2018,FEMALE,80to84,472.149,145.0,30710.633213,39.21
2018,FEMALE,85+,482.635,179.0,37088.09739,36.07
2018,FEMALE,ALL,534.878,10001.0,1869772.3707,5.35
2018,MALE,00to39,615.913,6389.0,1037322.4171,7.68
2018,MALE,40to44,325.442,449.0,137966.03162,15.36
2018,MALE,45to49,312.956,409.0,130689.34504,15.47
2018,MALE,50to54,324.273,409.0,126128.25982,16.03
2018,MALE,55to59,359.864,467.0,129771.2775,16.65
2018,MALE,60to64,345.754,395.0,114243.0429,17.4
2018,MALE,65to69,404.955,340.0,83959.866638,21.96
2018,MALE,70to74,383.793,231.0,60188.626786,25.25
2018,MALE,75to79,387.464,150.0,38713.286976,31.64
2018,MALE,80to84,455.355,115.0,25255.026681,42.46
2018,MALE,85+,409.87,91.0,22202.173368,42.97
2018,MALE,ALL,495.426,9445.0,1906439.3544,5.1
2019,BOTH,00to39,611.279,12710.0,2079247.5421,5.41
2019,BOTH,40to44,382.235,1049.0,274438.58377,11.8
2019,BOTH,45to49,384.96,972.0,252493.83723,12.35
2019,BOTH,50to54,376.974,894.0,237151.44814,12.61
2019,BOTH,55to59,405.483,1026.0,253031.67571,12.66
2019,BOTH,60to64,397.26,907.0,228314.15491,13.19
2019,BOTH,65to69,447.529,785.0,175407.53067,15.97
2019,BOTH,70to74,449.214,584.0,130004.99664,18.59
2019,BOTH,75to79,454.73,390.0,85765.151714,23.03
2019,BOTH,80to84,471.608,271.0,57462.929055,28.65
2019,BOTH,85+,354.616,216.0,60910.952549,24.13
2019,BOTH,ALL,516.505,19804.0,3834228.8025,3.67
2019,FEMALE,00to39,599.531,6181.0,1030973.2769,7.6
2019,FEMALE,40to44,437.514,584.0,133481.29225,18.1
2019,FEMALE,45to49,483.542,583.0,120568.73097,20.03
2019,FEMALE,50to54,428.884,488.0,113783.56806,19.41
2019,FEMALE,55to59,460.925,567.0,123013.46912,19.36
2019,FEMALE,60to64,466.841,518.0,110958.5506,20.51
2019,FEMALE,65to69,508.546,441.0,86717.744317,24.22
2019,FEMALE,70to74,487.369,321.0,65863.822471,27.2
2019,FEMALE,75to79,494.13,221.0,44725.03683,33.24
2019,FEMALE,80to84,499.907,158.0,31605.863723,39.77
2019,FEMALE,85+,321.792,122.0,37912.693758,29.13
2019,FEMALE,ALL,536.112,10184.0,1899604.049,5.31
2019,MALE,00to39,622.833,6529.0,1048274.2652,7.68
2019,MALE,40to44,329.887,465.0,140957.29151,15.3
2019,MALE,45to49,294.864,389.0,131925.10626,14.95
2019,MALE,50to54,329.097,406.0,123367.88008,16.33
2019,MALE,55to59,353.027,459.0,130018.20659,16.48
2019,MALE,60to64,331.471,389.0,117355.60431,16.81
2019,MALE,65to69,387.869,344.0,88689.786353,20.91
2019,MALE,70to74,410.033,263.0,64141.174173,25.28
2019,MALE,75to79,411.792,169.0,41040.114884,31.68
2019,MALE,80to84,437.018,113.0,25857.065332,41.11
2019,MALE,85+,408.727,94.0,22998.258791,42.16
2019,MALE,ALL,497.254,9620.0,1934624.7535,5.07
