Date,Open,High,Low,Close,Adj Close,Volume,Gain
5/17/2013,26.4,26.6,26.200001,26.25,26.25,29462700,-0.15
5/20/2013,26.18,26.190001,25.690001,25.76,25.76,42402900,-0.42
5/21/2013,25.870001,26.08,25.59,25.66,25.66,26261300,-0.210001
5/22/2013,25.65,25.85,24.92,25.16,25.16,45314500,-0.49
5/23/2013,24.799999,25.530001,24.77,25.059999,25.059999,37663100,0.26
5/24/2013,24.969999,24.969999,24.08,24.309999,24.309999,58727900,-0.66
5/28/2013,24.540001,24.540001,23.92,24.1,24.1,50079700,-0.440001
5/29/2013,23.790001,23.809999,23.26,23.32,23.32,64237800,-0.470001
5/30/2013,24.129999,24.780001,23.93,24.549999,24.549999,60733200,0.42
5/31/2013,24.629999,24.950001,24.27,24.35,24.35,35925000,-0.279999
6/3/2013,24.27,24.32,23.709999,23.85,23.85,35733800,-0.42
6/4/2013,23.889999,23.93,23.32,23.52,23.52,34760800,-0.369999
6/5/2013,23.35,23.709999,22.790001,22.9,22.9,53819700,-0.45
6/6/2013,22.99,23.09,22.67,22.969999,22.969999,31260700,-0.020001
6/7/2013,23.030001,23.4,22.860001,23.290001,23.290001,38699200,0.26
6/10/2013,24.059999,24.6,23.99,24.33,24.33,58393000,0.270001
6/11/2013,24.030001,24.35,24,24.030001,24.030001,29885900,0
6/12/2013,24.16,24.26,23.58,23.77,23.77,26445800,-0.39
6/13/2013,23.719999,23.83,23.27,23.73,23.73,31189300,0.010001
6/14/2013,23.559999,23.889999,23.26,23.629999,23.629999,30677100,0.07
6/17/2013,23.91,24.25,23.75,24.02,24.02,33664500,0.11
6/18/2013,24.09,24.690001,24.08,24.209999,24.209999,36709100,0.119999
6/19/2013,24.200001,25.190001,24.1,24.309999,24.309999,31790600,0.109998
6/20/2013,24.280001,24.75,23.65,23.9,23.9,42765600,-0.380001
6/21/2013,24.59,24.700001,24.049999,24.530001,24.530001,45833900,-0.059999
6/24/2013,23.950001,24.110001,23.379999,23.940001,23.940001,40626000,-0.01
6/25/2013,24.139999,24.43,24.040001,24.25,24.25,24713200,0.110001
6/26/2013,24.51,24.65,23.99,24.16,24.16,29890300,-0.35
6/27/2013,24.24,24.84,24.209999,24.66,24.66,34694100,0.42
6/28/2013,24.68,24.98,24.42,24.879999,24.879999,96778900,0.199999
7/1/2013,24.969999,25.059999,24.620001,24.809999,24.809999,20582200,-0.16
7/2/2013,24.700001,24.77,24.299999,24.41,24.41,18394100,-0.290001
7/3/2013,24.219999,24.709999,24.15,24.52,24.52,10404400,0.300001
7/5/2013,24.65,24.66,24.200001,24.370001,24.370001,20229500,-0.279999
7/8/2013,24.469999,25.040001,24.42,24.709999,24.709999,27064600,0.24
7/9/2013,25.07,25.49,25.030001,25.48,25.48,30387900,0.41
7/10/2013,25.58,25.83,25.469999,25.799999,25.799999,26721800,0.219999
7/11/2013,25.959999,26,25.450001,25.809999,25.809999,26777400,-0.15
7/12/2013,25.74,25.93,25.549999,25.91,25.91,16537900,0.17
7/15/2013,25.93,26.43,25.65,26.280001,26.280001,24234000,0.350001
7/16/2013,26.389999,26.75,26.01,26.32,26.32,30817600,-0.069999
7/17/2013,26.370001,26.780001,26.299999,26.65,26.65,21518500,0.279999
7/18/2013,26.75,26.77,26.120001,26.18,26.18,24806900,-0.57
7/19/2013,25.82,26.110001,25.6,25.879999,25.879999,46539700,0.059999
7/22/2013,25.99,26.129999,25.719999,26.049999,26.049999,27526300,0.059999
7/23/2013,26.1,26.299999,25.969999,26.129999,26.129999,28221600,0.029999
7/24/2013,26.32,26.530001,26.049999,26.51,26.51,82635600,0.19
7/25/2013,33.540001,34.880001,32.75,34.360001,34.360001,365457900,0.82
7/26/2013,33.77,34.73,33.560001,34.009998,34.009998,136028900,0.239998
7/29/2013,34.07,35.630001,34.009998,35.43,35.43,124718800,1.36
7/30/2013,35.650002,37.959999,35.32,37.630001,37.630001,173582800,1.979999
7/31/2013,37.959999,38.310001,36.330002,36.799999,36.799999,154828700,-1.16
8/1/2013,37.299999,38.290001,36.919998,37.490002,37.490002,106066500,0.190003
8/2/2013,37.66,38.490002,37.5,38.049999,38.049999,73058500,0.389999
8/5/2013,38.43,39.32,38.25,39.189999,39.189999,79994800,0.759999
8/6/2013,39.110001,39.25,37.939999,38.549999,38.549999,63950800,-0.560002
8/7/2013,38.610001,38.939999,37.700001,38.869999,38.869999,68854800,0.259998
8/8/2013,39.130001,39.189999,38.43,38.540001,38.540001,41301000,-0.59
8/9/2013,38.59,38.740002,38.009998,38.5,38.5,43532300,-0.09
8/12/2013,38.200001,38.5,38.099998,38.220001,38.220001,31161000,0.02
8/13/2013,38.240002,38.32,36.77,37.02,37.02,65379200,-1.220002
8/14/2013,36.830002,37.549999,36.619999,36.650002,36.650002,48423900,-0.18
8/15/2013,36.360001,37.07,36.02,36.560001,36.560001,56521100,0.2
8/16/2013,36.970001,37.490002,36.900002,37.080002,37.080002,45840800,0.110001
8/19/2013,37.43,38.279999,37.139999,37.810001,37.810001,57609600,0.380001
8/20/2013,38.349998,38.580002,37.689999,38.41,38.41,57995200,0.060002
8/21/2013,38.380001,38.849998,38.150002,38.32,38.32,46116900,-0.060001
8/22/2013,38.369999,38.75,38.34,38.549999,38.549999,21931200,0.18
8/23/2013,39,40.630001,38.93,40.549999,40.549999,86442300,1.549999
8/26/2013,40.900002,41.939999,40.619999,41.34,41.34,94162400,0.439998
8/27/2013,40.68,41.200001,39.419998,39.639999,39.639999,72695100,-1.040001
8/28/2013,39.959999,40.849998,39.880001,40.549999,40.549999,57918200,0.59
8/29/2013,40.889999,41.779999,40.799999,41.279999,41.279999,58303400,0.39
8/30/2013,42.02,42.259998,41.060001,41.290001,41.290001,67735100,-0.729999
9/3/2013,41.84,42.16,41.509998,41.869999,41.869999,48774900,0.029999
9/4/2013,42.009998,42.169998,41.439999,41.779999,41.779999,42581900,-0.229999
9/5/2013,41.790001,42.77,41.77,42.66,42.66,50035400,0.869999
9/6/2013,43.09,44.610001,42.400002,43.950001,43.950001,117535700,0.860001
9/9/2013,44.360001,44.790001,43.700001,44.040001,44.040001,75794700,-0.32
9/10/2013,44.240002,44.259998,43.23,43.599998,43.599998,54540300,-0.640004
9/11/2013,43.389999,45.09,43.110001,45.040001,45.040001,72328300,1.650002
9/12/2013,45.529999,45.619999,44.650002,44.75,44.75,68072300,-0.779999
9/13/2013,45.040001,45.080002,43.93,44.310001,44.310001,52765300,-0.73
9/16/2013,44.849998,44.939999,42.43,42.509998,42.509998,70424200,-2.34
9/17/2013,42.5,45.439999,42.43,45.07,45.07,91934600,2.57
9/18/2013,44.84,45.470001,44.400002,45.23,45.23,79317000,0.39
9/19/2013,45.509998,46.049999,45.23,45.98,45.98,63972400,0.470002
9/20/2013,46.32,47.599998,45.740002,47.490002,47.490002,115508400,1.170002
9/23/2013,47.279999,47.549999,46.290001,47.189999,47.189999,75177000,-0.09
9/24/2013,48.509998,49.66,48.16,48.450001,48.450001,136716100,-0.059997
9/25/2013,49.23,49.540001,48.459999,49.459999,49.459999,87879700,0.229999
9/26/2013,50.009998,50.599998,49.5,50.389999,50.389999,98220100,0.380001
9/27/2013,50.290001,51.279999,49.860001,51.240002,51.240002,81410500,0.950001
9/30/2013,50.139999,51.599998,49.799999,50.23,50.23,100095000,0.090001
10/1/2013,49.970001,51.029999,49.450001,50.419998,50.419998,98114000,0.449997
10/2/2013,50.130001,51.099998,49.950001,50.279999,50.279999,62834000,0.149998
10/3/2013,50.470001,50.720001,49.060001,49.18,49.18,82045000,-1.290001
10/4/2013,49.77,51.16,49.57,51.040001,51.040001,74447000,1.270001
10/7/2013,50.73,51.290001,50.400002,50.52,50.52,57204000,-0.21
10/8/2013,50.599998,50.599998,47.080002,47.139999,47.139999,136081000,-3.459999
10/9/2013,47.380001,47.84,45.259998,46.77,46.77,147297000,-0.610001
10/10/2013,47.869999,49.68,47.830002,49.049999,49.049999,99774000,1.18
10/11/2013,49.18,49.869999,48.790001,49.110001,49.110001,58428000,-0.069999
10/14/2013,48.310001,49.630001,47.91,49.509998,49.509998,68781000,1.199997
10/15/2013,49.990002,51,49.18,49.5,49.5,81167000,-0.490002
10/16/2013,50.040001,51.240002,49.900002,51.139999,51.139999,64678000,1.099998
10/17/2013,51.119999,52.220001,50.950001,52.209999,52.209999,71522000,1.09
10/18/2013,54.18,54.830002,53.599998,54.220001,54.220001,88260000,0.040001
10/21/2013,54.68,54.810001,53.509998,53.849998,53.849998,58235000,-0.830002
10/22/2013,54.330002,54.759998,52.200001,52.68,52.68,83204000,-1.650002
10/23/2013,51.75,52.25,51.130001,51.900002,51.900002,57207000,0.150002
10/24/2013,52.380001,52.84,51.59,52.450001,52.450001,46775000,0.07
10/25/2013,53.18,53.240002,51.880001,51.950001,51.950001,45085000,-1.229999
10/28/2013,51.540001,51.700001,49.610001,50.23,50.23,73472000,-1.310001
10/29/2013,50.73,50.790001,49.25,49.400002,49.400002,102143000,-1.329998
10/30/2013,50,50.209999,48.75,49.009998,49.009998,127073000,-0.990002
10/31/2013,47.16,52,46.5,50.209999,50.209999,248809000,3.049999
11/1/2013,50.849998,52.09,49.720001,49.75,49.75,95033000,-1.099998
11/4/2013,49.369999,49.75,48.02,48.220001,48.220001,80371000,-1.149998
11/5/2013,47.790001,50.18,47.509998,50.110001,50.110001,76835000,2.32
11/6/2013,50.259998,50.450001,48.709999,49.119999,49.119999,67889000,-1.139999
11/7/2013,49.240002,49.869999,47.299999,47.560001,47.560001,97128000,-1.680001
11/8/2013,47.810001,48.650002,47.25,47.529999,47.529999,70731000,-0.280002
11/11/2013,47.040001,47.529999,45.73,46.200001,46.200001,80910000,-0.84
11/12/2013,46,47.369999,45.830002,46.610001,46.610001,68196000,0.610001
11/13/2013,46.23,48.740002,46.060001,48.709999,48.709999,79245000,2.479999
11/14/2013,48.700001,49.57,48.029999,48.990002,48.990002,75117000,0.290001
11/15/2013,49.110001,49.48,48.709999,49.009998,49.009998,42453000,-0.100003
11/18/2013,48.470001,48.84,45.799999,45.830002,45.830002,85910000,-2.639999
11/19/2013,46.259998,47,45.720001,46.360001,46.360001,75602000,0.100003
11/20/2013,46.610001,47.549999,46.310001,46.43,46.43,53933000,-0.180001
11/21/2013,46.990002,47.459999,46.689999,46.700001,46.700001,34886000,-0.290001
11/22/2013,47.040001,47.27,45.959999,46.23,46.23,40545000,-0.810001
11/25/2013,46.360001,46.650002,44.040001,44.82,44.82,82565000,-1.540001
11/26/2013,44.66,46.169998,43.549999,45.889999,45.889999,82016000,1.229999
11/27/2013,45.970001,46.669998,45.529999,46.490002,46.490002,44993000,0.520001
11/29/2013,46.75,47.209999,46.5,47.009998,47.009998,22953900,0.259998
12/2/2013,46.900002,47.540001,46.259998,47.060001,47.060001,50774000,0.159999
12/3/2013,46.75,47.200001,46.290001,46.73,46.73,32086000,-0.02
12/4/2013,46.459999,48.77,46.259998,48.619999,48.619999,60890000,2.16
12/5/2013,48.150002,48.700001,47.869999,48.34,48.34,43855000,0.189998
12/6/2013,48.98,49.389999,47.709999,47.939999,47.939999,42938000,-1.040001
12/9/2013,48.09,48.970001,47.740002,48.84,48.84,36056000,0.75
12/10/2013,48.639999,50.77,48.540001,50.25,50.25,68479000,1.610001
12/11/2013,50.549999,50.77,49.009998,49.380001,49.380001,65776000,-1.169998
12/12/2013,51.049999,52.07,50.66,51.830002,51.830002,92723000,0.780003
12/13/2013,51.66,53.5,51.34,53.32,53.32,82641000,1.66
12/16/2013,53.25,54.5,52.91,53.810001,53.810001,85119000,0.560001
12/17/2013,54.759998,55.18,54.240002,54.860001,54.860001,78751000,0.100003
12/18/2013,54.860001,55.889999,53.75,55.57,55.57,76003000,0.709999
12/19/2013,54.330002,55.189999,53.950001,55.049999,55.049999,89753200,0.719997
12/20/2013,54.93,55.150002,54.23,55.119999,55.119999,239824000,0.189999
12/23/2013,55.5,58.32,55.450001,57.77,57.77,98297000,2.27
12/24/2013,58.27,58.580002,56.91,57.959999,57.959999,46617800,-0.310001
12/26/2013,58.32,58.380001,57.369999,57.73,57.73,55101000,-0.59
12/27/2013,57.48,57.68,55.25,55.439999,55.439999,60466000,-2.040001
12/30/2013,54.93,55.18,53.43,53.709999,53.709999,68307000,-1.220001
12/31/2013,54.119999,54.860001,53.91,54.650002,54.650002,43076200,0.530003
1/2/2014,54.830002,55.220001,54.189999,54.709999,54.709999,43195500,-0.120003
1/3/2014,55.02,55.650002,54.529999,54.560001,54.560001,38246200,-0.459999
1/6/2014,54.419998,57.259998,54.049999,57.200001,57.200001,68852600,2.780003
1/7/2014,57.700001,58.549999,57.220001,57.919998,57.919998,77207400,0.219997
1/8/2014,57.599998,58.41,57.23,58.23,58.23,56682400,0.630002
1/9/2014,58.650002,58.959999,56.650002,57.220001,57.220001,92253300,-1.430001
1/10/2014,57.130001,58.299999,57.060001,57.939999,57.939999,42449500,0.809998
1/13/2014,57.91,58.25,55.380001,55.91,55.91,63010900,-2
1/14/2014,56.459999,57.779999,56.099998,57.740002,57.740002,37503600,1.280003
1/15/2014,57.98,58.57,57.27,57.599998,57.599998,33663400,-0.380002
1/16/2014,57.259998,58.02,56.830002,57.189999,57.189999,34541800,-0.069999
1/17/2014,57.299999,57.82,56.07,56.299999,56.299999,40849200,-1
1/21/2014,56.599998,58.580002,56.5,58.509998,58.509998,48669200,1.91
1/22/2014,58.849998,59.310001,57.099998,57.509998,57.509998,61352900,-1.34
1/23/2014,56.369999,56.68,55.689999,56.630001,56.630001,47951800,0.260002
1/24/2014,56.150002,56.419998,54.400002,54.450001,54.450001,55200700,-1.700001
1/27/2014,54.73,54.939999,51.849998,53.549999,53.549999,73924100,-1.180001
1/28/2014,54.02,55.279999,54,55.139999,55.139999,48191200,1.119999
1/29/2014,54.610001,54.950001,53.189999,53.529999,53.529999,92995600,-1.080002
1/30/2014,62.119999,62.5,60.459999,61.080002,61.080002,150178900,-1.039997
1/31/2014,60.470001,63.369999,60.169998,62.57,62.57,87794600,2.099999
2/3/2014,63.029999,63.77,60.700001,61.48,61.48,74866600,-1.549999
2/4/2014,62.049999,63.139999,61.82,62.75,62.75,45985500,0.700001
2/5/2014,62.740002,63.16,61.27,62.189999,62.189999,51685100,-0.550003
2/6/2014,61.459999,62.779999,61.459999,62.16,62.16,42086500,0.700001
2/7/2014,62.27,64.57,62.220001,64.32,64.32,60704300,2.05
2/10/2014,64.300003,64.489998,63.470001,63.549999,63.549999,43666100,-0.750004
2/11/2014,63.75,65,63.349998,64.849998,64.849998,45675600,1.099998
2/12/2014,64.919998,65.059998,64.050003,64.449997,64.449997,47282100,-0.470001
2/13/2014,64.18,67.330002,64.050003,67.330002,67.330002,61911700,3.150002
2/14/2014,67.5,67.580002,66.720001,67.089996,67.089996,36694900,-0.410004
2/18/2014,66.940002,67.540001,66.07,67.300003,67.300003,43809900,0.360001
2/19/2014,67.050003,69.080002,67,68.059998,68.059998,62087100,1.009995
2/20/2014,67.730003,70.110001,65.730003,69.629997,69.629997,130928900,1.899994
2/21/2014,69.690002,69.959999,68.449997,68.589996,68.589996,70932400,-1.100006
2/24/2014,68.739998,71.440002,68.540001,70.779999,70.779999,76620300,2.040001
2/25/2014,70.949997,71,69.449997,69.849998,69.849998,52077000,-1.099999
2/26/2014,70.190002,71.220001,68.849998,69.260002,69.260002,55322700,-0.93
2/27/2014,69.339996,70.010002,68.870003,68.940002,68.940002,41653700,-0.399994
2/28/2014,69.470001,69.879997,67.379997,68.459999,68.459999,66783700,-1.010002
3/3/2014,66.959999,68.050003,66.510002,67.410004,67.410004,56824100,0.450005
3/4/2014,68.660004,68.900002,67.620003,68.800003,68.800003,42013500,0.139999
3/5/2014,69.690002,71.970001,69.620003,71.57,71.57,74567700,1.879998
3/6/2014,71.879997,71.889999,70.25,70.839996,70.839996,46026500,-1.040001
3/7/2014,71.080002,71.18,69.470001,69.800003,69.800003,38927000,-1.279999
3/10/2014,70.769997,72.150002,70.510002,72.029999,72.029999,59871600,1.260002
3/11/2014,72.5,72.589996,69.959999,70.099998,70.099998,59408300,-2.400002
3/12/2014,69.860001,71.349998,69,70.879997,70.879997,46340500,1.019996
3/13/2014,71.290001,71.349998,68.150002,68.830002,68.830002,57091000,-2.459999
3/14/2014,68.489998,69.43,67.459999,67.720001,67.720001,48227000,-0.769997
3/17/2014,68.18,68.949997,66.620003,68.739998,68.739998,52197000,0.559998
3/18/2014,68.760002,69.599998,68.300003,69.190002,69.190002,40827000,0.43
3/19/2014,69.169998,69.290001,67.470001,68.239998,68.239998,43981000,-0.93
3/20/2014,68.010002,68.230003,66.82,66.970001,66.970001,44439000,-1.040001
3/21/2014,67.529999,67.919998,66.18,67.239998,67.239998,59999900,-0.290001
3/24/2014,67.190002,67.360001,63.360001,64.099998,64.099998,85696000,-3.090004
3/25/2014,64.889999,66.190002,63.779999,64.889999,64.889999,68786000,0
3/26/2014,64.739998,64.949997,60.369999,60.389999,60.389999,97503900,-4.349999
3/27/2014,60.509998,61.900002,57.98,60.970001,60.970001,112650000,0.460003
3/28/2014,61.34,61.950001,59.34,60.009998,60.009998,67052000,-1.330002
3/31/2014,60.779999,61.52,59.869999,60.240002,60.240002,53011000,-0.539997
4/1/2014,60.459999,62.66,60.240002,62.619999,62.619999,59291000,2.16
4/2/2014,63.209999,63.91,62.209999,62.720001,62.720001,66277000,-0.489998
4/3/2014,62.549999,63.169998,59.130001,59.490002,59.490002,83859000,-3.059997
4/4/2014,59.939999,60.200001,56.32,56.75,56.75,125214400,-3.189999
4/7/2014,55.900002,58,55.439999,56.950001,56.950001,108488000,1.049999
4/8/2014,57.68,58.709999,57.169998,58.189999,58.189999,78836000,0.509999
4/9/2014,59.630001,62.459999,59.189999,62.41,62.41,100215000,2.779999
4/10/2014,63.080002,63.18,58.68,59.16,59.16,114988000,-3.920002
4/11/2014,57.599998,60.310001,57.310001,58.529999,58.529999,91452000,0.930001
4/14/2014,60.09,60.450001,57.779999,58.889999,58.889999,72325000,-1.200001
4/15/2014,59.290001,59.68,55.880001,59.09,59.09,108623000,-0.200001
4/16/2014,59.790001,60.189999,57.740002,59.720001,59.720001,78774000,-0.07
4/17/2014,59.299999,60.580002,58.720001,58.939999,58.939999,88040000,-0.36
4/21/2014,59.459999,61.240002,59.150002,61.240002,61.240002,60364000,1.780003
4/22/2014,62.650002,63.439999,62.220001,63.029999,63.029999,60631000,0.379997
4/23/2014,63.450001,63.48,61.259998,61.360001,61.360001,95908700,-2.09
4/24/2014,63.599998,63.650002,59.77,60.869999,60.869999,138769000,-2.729999
4/25/2014,59.970001,60.009998,57.57,57.709999,57.709999,92502000,-2.260002
4/28/2014,58.049999,58.310001,54.66,56.139999,56.139999,107758000,-1.91
4/29/2014,56.09,58.279999,55.84,58.150002,58.150002,75557000,2.060002
4/30/2014,57.580002,59.849998,57.16,59.779999,59.779999,76093000,2.199997
5/1/2014,60.43,62.279999,60.209999,61.150002,61.150002,82429000,0.720002
5/2/2014,61.299999,61.889999,60.18,60.459999,60.459999,54189000,-0.84
5/5/2014,59.669998,61.349998,59.18,61.220001,61.220001,46057000,1.550003
5/6/2014,60.98,61.150002,58.490002,58.529999,58.529999,55901000,-2.450001
5/7/2014,58.77,59.299999,56.259998,57.389999,57.389999,78587000,-1.380001
5/8/2014,57.23,58.82,56.5,56.759998,56.759998,61251000,-0.470002
5/9/2014,56.849998,57.650002,56.380001,57.240002,57.240002,52584000,0.390004
5/12/2014,57.98,59.900002,57.98,59.830002,59.830002,48575000,1.850002
5/13/2014,59.66,60.889999,59.509998,59.830002,59.830002,48525000,0.170002
5/14/2014,59.529999,60.450001,58.950001,59.23,59.23,47429000,-0.299999
5/15/2014,59.259998,59.380001,57.52,57.919998,57.919998,56814000,-1.34
5/16/2014,58.310001,58.450001,57.310001,58.02,58.02,47933000,-0.290001
5/19/2014,57.889999,59.560001,57.57,59.209999,59.209999,43034000,1.32
5/20/2014,59.5,60.189999,58.18,58.560001,58.560001,53931000,-0.939999
5/21/2014,58.560001,60.5,58.25,60.490002,60.490002,58992000,1.930001
5/22/2014,60.939999,61.48,60.400002,60.52,60.52,54200000,-0.419999
5/23/2014,60.41,61.450001,60.150002,61.349998,61.349998,38294000,0.939998
5/27/2014,61.619999,63.509998,61.57,63.48,63.48,55682000,1.860001
5/28/2014,63.389999,64.139999,62.619999,63.509998,63.509998,47795000,0.119999
5/29/2014,63.84,64.300003,63.509998,63.830002,63.830002,42700000,-0.009998
5/30/2014,63.950001,64.169998,62.560001,63.299999,63.299999,45253500,-0.650002
6/2/2014,63.23,63.59,62.049999,63.080002,63.080002,35996000,-0.149998
6/3/2014,62.619999,63.419998,62.32,62.869999,62.869999,32217000,0.25
6/4/2014,62.450001,63.59,62.07,63.34,63.34,36514000,0.889999
6/5/2014,63.66,64.360001,62.82,63.189999,63.189999,47352000,-0.470001
6/6/2014,63.369999,63.48,62.150002,62.5,62.5,42442000,-0.869999
6/9/2014,62.400002,63.34,61.790001,62.880001,62.880001,37617000,0.479999
6/10/2014,63.529999,65.82,63.5,65.769997,65.769997,69338000,2.239998
6/11/2014,65.32,65.800003,64.900002,65.779999,65.779999,44242000,0.459999
6/12/2014,65.849998,66.470001,64.059998,64.290001,64.290001,55730000,-1.559997
6/13/2014,64.699997,64.970001,63.830002,64.5,64.5,29419000,-0.199997
6/16/2014,64.160004,64.879997,63.75,64.190002,64.190002,31046000,0.029998
6/17/2014,64.099998,64.879997,63.93,64.400002,64.400002,27715000,0.300004
6/18/2014,64.489998,65.75,64.050003,65.599998,65.599998,35570000,1.11
6/19/2014,65.459999,65.580002,64.209999,64.339996,64.339996,34245000,-1.120003
6/20/2014,64.459999,64.809998,63.349998,64.5,64.5,46466000,0.040001
6/23/2014,64.32,65.660004,64.220001,65.370003,65.370003,34560000,1.050003
6/24/2014,65.360001,67.169998,65.269997,65.720001,65.720001,57335000,0.36
6/25/2014,65.580002,67.480003,65.57,67.440002,67.440002,44308000,1.86
6/26/2014,68,68,66.900002,67.129997,67.129997,47714000,-0.870003
6/27/2014,67.309998,67.699997,66.839996,67.599998,67.599998,46461000,0.29
6/30/2014,67.459999,67.919998,67.129997,67.290001,67.290001,27102800,-0.169998
7/1/2014,67.580002,68.440002,67.389999,68.059998,68.059998,33243000,0.479996
7/2/2014,68.040001,68.300003,65.790001,66.449997,66.449997,41895000,-1.590004
7/3/2014,66.860001,67,65.760002,66.290001,66.290001,25203200,-0.57
7/7/2014,66.300003,66.57,65.120003,65.290001,65.290001,28745000,-1.010002
7/8/2014,65.059998,65.559998,62.209999,62.759998,62.759998,68926000,-2.3
7/9/2014,63.41,65.120003,63.150002,64.970001,64.970001,51432000,1.560001
7/10/2014,63.310001,65.339996,63.049999,64.870003,64.870003,44422000,1.560002
7/11/2014,65.279999,66.589996,64.790001,66.339996,66.339996,39212000,1.059997
7/14/2014,67.129997,68.169998,66.900002,67.900002,67.900002,38537000,0.770005
7/15/2014,67.959999,68.089996,66.260002,67.169998,67.169998,44213200,-0.790001
7/16/2014,67.540001,67.940002,67.07,67.660004,67.660004,29541600,0.120003
7/17/2014,67.029999,67.849998,66.040001,66.410004,66.410004,38188000,-0.619995
7/18/2014,66.800003,68.459999,66.160004,68.419998,68.419998,42456000,1.619995
7/21/2014,68.809998,69.959999,68.5,69.400002,69.400002,49539000,0.590004
7/22/2014,69.760002,69.769997,68.610001,69.269997,69.269997,40398000,-0.490005
7/23/2014,69.739998,71.330002,69.610001,71.290001,71.290001,78435000,1.550003
7/24/2014,75.959999,76.739998,74.510002,74.980003,74.980003,124168000,-0.979996
7/25/2014,74.989998,75.669998,74.660004,75.190002,75.190002,45917000,0.200004
7/28/2014,75.169998,75.5,73.849998,74.919998,74.919998,41725000,-0.25
7/29/2014,74.720001,74.919998,73.419998,73.709999,73.709999,41324000,-1.010002
7/30/2014,74.209999,75.190002,74.129997,74.68,74.68,36853000,0.470001
7/31/2014,74,74.169998,72.440002,72.650002,72.650002,43992000,-1.349998
8/1/2014,72.220001,73.220001,71.550003,72.360001,72.360001,43535000,0.14
8/4/2014,72.360001,73.879997,72.360001,73.510002,73.510002,30777000,1.150001
8/5/2014,73.199997,73.589996,72.18,72.690002,72.690002,34986000,-0.509995
8/6/2014,72.019997,73.720001,71.790001,72.470001,72.470001,30986000,0.450004
8/7/2014,73,74,72.699997,73.169998,73.169998,38141000,0.169998
8/8/2014,73.400002,73.43,72.559998,73.059998,73.059998,27202000,-0.340004
8/11/2014,73.459999,73.910004,73.059998,73.440002,73.440002,24591000,-0.019997
8/12/2014,73.089996,73.330002,72.220001,72.830002,72.830002,27419000,-0.259994
8/13/2014,73.120003,74.25,73.050003,73.769997,73.769997,29266000,0.649994
8/14/2014,73.970001,74.379997,73.690002,74.300003,74.300003,22207000,0.330002
8/15/2014,74.32,74.650002,73,73.629997,73.629997,38846600,-0.690003
8/18/2014,74,74.720001,73.959999,74.589996,74.589996,23974000,0.589996
8/19/2014,74.809998,75.580002,74.510002,75.290001,75.290001,26679000,0.480003
8/20/2014,74.970001,75.18,74.620003,74.809998,74.809998,22917000,-0.160003
8/21/2014,74.919998,75.190002,74.410004,74.57,74.57,20102000,-0.349998
8/22/2014,74.339996,74.730003,73.57,74.57,74.57,20897000,0.230004
8/25/2014,74.940002,75.279999,74.790001,75.019997,75.019997,19734000,0.079995
8/26/2014,75,75.989998,74.730003,75.959999,75.959999,23993000,0.959999
8/27/2014,75.269997,75.489998,74.459999,74.629997,74.629997,36323000,-0.64
8/28/2014,74,74.43,73.730003,73.860001,73.860001,21947000,-0.139999
8/29/2014,74.300003,74.82,74.010002,74.82,74.82,26241000,0.519997
9/2/2014,75.010002,76.699997,74.82,76.68,76.68,34979000,1.669998
9/3/2014,77.139999,77.480003,75.599998,75.830002,75.830002,32389000,-1.309997
9/4/2014,75.889999,76.93,75.529999,75.949997,75.949997,26676000,0.059998
9/5/2014,76.099998,77.379997,75.599998,77.260002,77.260002,29476000,1.160004
9/8/2014,77.260002,78.169998,77.010002,77.889999,77.889999,28183000,0.629997
9/9/2014,77.589996,78.169998,76.199997,76.669998,76.669998,28882000,-0.919998
9/10/2014,76.519997,77.949997,76.510002,77.43,77.43,29909000,0.910003
9/11/2014,77.129997,78.360001,77.050003,77.919998,77.919998,32219000,0.790001
9/12/2014,78.019997,78.300003,77.099998,77.480003,77.480003,26676800,-0.539994
9/15/2014,77.150002,77.25,73.43,74.580002,74.580002,49679000,-2.57
9/16/2014,73.519997,76.230003,73.07,76.080002,76.080002,37742000,2.560005
9/17/2014,75.959999,77.25,75.57,76.43,76.43,28693000,0.470001
9/18/2014,76.769997,77.330002,76.519997,77,77,23031000,0.230003
9/19/2014,77.400002,78.300003,76.440002,77.910004,77.910004,76671000,0.510002
9/22/2014,77,77.529999,75.949997,76.800003,76.800003,31961000,-0.199997
9/23/2014,76.330002,78.629997,76.040001,78.290001,78.290001,36814000,1.959999
9/24/2014,78.099998,78.620003,77.510002,78.540001,78.540001,30680000,0.440003
9/25/2014,78.599998,78.940002,77.129997,77.220001,77.220001,37533000,-1.379997
9/26/2014,77.589996,78.839996,77.330002,78.790001,78.790001,28872000,1.200005
9/29/2014,78.120003,79.199997,77.910004,79,79,34031000,0.879997
9/30/2014,79.349998,79.709999,78.599998,79.040001,79.040001,35899000,-0.309997
10/1/2014,78.779999,78.82,75.900002,76.550003,76.550003,55090000,-2.229996
10/2/2014,76.57,77.480003,75.639999,77.080002,77.080002,36488000,0.510002
10/3/2014,77.760002,78.059998,77.260002,77.440002,77.440002,23340000,-0.32
10/6/2014,77.190002,77.889999,76.849998,77.559998,77.559998,25729000,0.369996
10/7/2014,77.050003,77.949997,76.239998,76.290001,76.290001,25317000,-0.760002
10/8/2014,76.18,77.709999,75.099998,77.519997,77.519997,32976000,1.339997
10/9/2014,77.279999,77.760002,75.849998,75.910004,75.910004,32487000,-1.369995
10/10/2014,75.589996,76.5,72.760002,72.910004,72.910004,52146000,-2.679992
10/13/2014,73.230003,74.779999,72.519997,72.989998,72.989998,43938000,-0.240005
10/14/2014,74,74.18,72.050003,73.589996,73.589996,50299000,-0.410004
10/15/2014,71.690002,73.800003,70.32,73.209999,73.209999,61528000,1.519997
10/16/2014,70.790001,73.349998,70.580002,72.629997,72.629997,53529000,1.839996
10/17/2014,74.230003,76,73.75,75.949997,75.949997,76342000,1.719994
10/20/2014,75.599998,77.089996,75.379997,76.949997,76.949997,34701000,1.349999
10/21/2014,77.559998,78.739998,77.150002,78.690002,78.690002,32252000,1.130004
10/22/2014,78.82,79.849998,78.010002,78.370003,78.370003,41862000,-0.449997
10/23/2014,79.379997,80.629997,79.010002,80.040001,80.040001,35056000,0.660004
10/24/2014,80.199997,80.82,79.32,80.669998,80.669998,32248000,0.470001
10/27/2014,80.739998,80.800003,79.760002,80.279999,80.279999,30169000,-0.459999
10/28/2014,80.18,81.160004,79.57,80.769997,80.769997,74212000,0.589997
10/29/2014,75.449997,76.879997,74.779999,75.860001,75.860001,106120000,0.410004
10/30/2014,75.050003,75.349998,72.900002,74.110001,74.110001,83270000,-0.940002
10/31/2014,74.93,75.699997,74.449997,74.989998,74.989998,44544000,0.059998
11/3/2014,75.470001,75.519997,73.699997,73.879997,73.879997,40727000,-1.590004
11/4/2014,74.230003,75.769997,73.650002,75.760002,75.760002,39326000,1.529999
11/5/2014,76.510002,76.800003,74.419998,74.830002,74.830002,35913000,-1.68
11/6/2014,74.889999,75.599998,74.309998,75.260002,75.260002,21383000,0.370003
11/7/2014,75.389999,75.860001,75.019997,75.599998,75.599998,20774000,0.209999
11/10/2014,75.360001,75.480003,74.610001,75,75,21575100,-0.360001
11/11/2014,74.949997,74.980003,74.029999,74.610001,74.610001,18715700,-0.339996
11/12/2014,74.279999,75.139999,73.540001,74.720001,74.720001,26536600,0.440002
11/13/2014,74.739998,75.239998,73.639999,74.25,74.25,26448500,-0.489998
11/14/2014,74.269997,74.93,74.040001,74.879997,74.879997,19476900,0.61
11/17/2014,74.879997,75.660004,73.879997,74.239998,74.239998,28701200,-0.639999
11/18/2014,74.449997,74.800003,73.900002,74.339996,74.339996,20690500,-0.110001
11/19/2014,74.010002,74.540001,73.110001,73.330002,73.330002,25441200,-0.68
11/20/2014,72.800003,73.989998,72.510002,73.599998,73.599998,19154900,0.799995
11/21/2014,74.5,74.5,73.5,73.75,73.75,23060400,-0.75
11/24/2014,73.540001,74.349998,73.349998,74.010002,74.010002,22103800,0.470001
11/25/2014,74.209999,75.739998,74.129997,75.629997,75.629997,32250200,1.419998
11/26/2014,75.529999,77.779999,75.510002,77.620003,77.620003,32695300,2.090004
11/28/2014,77.669998,78.269997,77.230003,77.699997,77.699997,15992000,0.029999
12/1/2014,77.260002,77.309998,74.800003,75.099998,75.099998,31789900,-2.160004
12/2/2014,75.330002,75.910004,75.040001,75.459999,75.459999,16773900,0.129997
12/3/2014,75.379997,75.730003,74.400002,74.879997,74.879997,16689900,-0.5
12/4/2014,74.830002,75.550003,74.660004,75.239998,75.239998,14362800,0.409996
12/5/2014,75.800003,76.760002,75.360001,76.360001,76.360001,24306400,0.559998
12/8/2014,76.18,77.25,75.400002,76.519997,76.519997,25733900,0.339997
12/9/2014,75.199997,76.93,74.779999,76.839996,76.839996,25358600,1.639999
12/10/2014,76.650002,77.550003,76.07,76.18,76.18,32210500,-0.470002
12/11/2014,76.519997,78.519997,76.480003,77.730003,77.730003,33462100,1.210006
12/12/2014,77.160004,78.879997,77.019997,77.830002,77.830002,28091600,0.669998
12/15/2014,78.459999,78.580002,76.559998,76.989998,76.989998,29396500,-1.470001
12/16/2014,76.190002,77.389999,74.589996,74.690002,74.690002,31554600,-1.5
12/17/2014,75.010002,76.410004,74.900002,76.110001,76.110001,29203900,1.099999
12/18/2014,76.889999,78.400002,76.510002,78.400002,78.400002,34222100,1.510003
12/19/2014,78.75,80,78.330002,79.879997,79.879997,43335000,1.129997
12/22/2014,80.080002,81.889999,80,81.449997,81.449997,31395800,1.369995
12/23/2014,82.019997,82.169998,80.400002,80.610001,80.610001,19865800,-1.409996
12/24/2014,81.029999,81.43,80.75,80.769997,80.769997,7685500,-0.260002
12/26/2014,81.019997,81.279999,80.510002,80.779999,80.779999,10647400,-0.239998
12/29/2014,80.489998,80.959999,79.709999,80.019997,80.019997,14134700,-0.470001
12/30/2014,79.849998,80.589996,79.099998,79.220001,79.220001,14370800,-0.629997
12/31/2014,79.540001,79.800003,77.860001,78.019997,78.019997,20040400,-1.520004
1/2/2015,78.580002,78.93,77.699997,78.449997,78.449997,18177500,-0.130005
1/5/2015,77.980003,79.25,76.860001,77.190002,77.190002,26452200,-0.790001
1/6/2015,77.230003,77.589996,75.360001,76.150002,76.150002,27399300,-1.080001
1/7/2015,76.760002,77.360001,75.82,76.150002,76.150002,22045300,-0.61
1/8/2015,76.739998,78.230003,76.080002,78.18,78.18,23961000,1.440002
1/9/2015,78.199997,78.620003,77.199997,77.739998,77.739998,21138700,-0.459999
1/12/2015,77.839996,78,76.209999,76.720001,76.720001,19190200,-1.119995
1/13/2015,77.230003,78.080002,75.849998,76.449997,76.449997,25179600,-0.780006
1/14/2015,76.419998,77.199997,76.029999,76.279999,76.279999,25918600,-0.139999
1/15/2015,76.400002,76.57,73.540001,74.050003,74.050003,34134000,-2.349999
1/16/2015,74.040001,75.32,73.839996,75.18,75.18,21791500,1.139999
1/20/2015,75.720001,76.309998,74.82,76.239998,76.239998,22751300,0.519997
1/21/2015,76.160004,77.300003,75.849998,76.739998,76.739998,25096700,0.579994
1/22/2015,77.169998,77.75,76.68,77.650002,77.650002,19519500,0.480004
1/23/2015,77.650002,78.190002,77.040001,77.830002,77.830002,16322600,0.18
1/26/2015,77.980003,78.470001,77.290001,77.5,77.5,19260800,-0.480003
1/27/2015,76.709999,76.879997,75.629997,75.779999,75.779999,20110000,-0.93
1/28/2015,76.900002,77.639999,76,76.239998,76.239998,53306400,-0.660004
1/29/2015,76.849998,78.019997,74.209999,78,78,61293500,1.150002
1/30/2015,78,78.160004,75.75,75.910004,75.910004,42649500,-2.089996
2/2/2015,76.110001,76.139999,73.75,74.989998,74.989998,41955300,-1.120003
2/3/2015,75.190002,75.580002,73.860001,75.400002,75.400002,26874900,0.21
2/4/2015,75.089996,76.349998,75.010002,75.629997,75.629997,20277400,0.540001
2/5/2015,75.709999,75.980003,75.209999,75.610001,75.610001,15062600,-0.099998
2/6/2015,75.68,75.699997,74.25,74.470001,74.470001,20989300,-1.209999
2/9/2015,74.050003,74.830002,73.449997,74.440002,74.440002,16194300,0.389999
2/10/2015,74.849998,75.339996,74.5,75.190002,75.190002,15811300,0.340004
2/11/2015,75.089996,76.75,75.029999,76.510002,76.510002,20877400,1.420006
2/12/2015,76.860001,76.870003,75.889999,76.230003,76.230003,17235000,-0.629998
2/13/2015,76.459999,76.480003,75.5,75.739998,75.739998,18621900,-0.720001
2/17/2015,75.300003,76.910004,75.080002,75.599998,75.599998,25254400,0.299995
2/18/2015,75.940002,76.900002,75.449997,76.709999,76.709999,22334600,0.769997
2/19/2015,76.989998,79.839996,76.949997,79.419998,79.419998,45851200,2.43
2/20/2015,79.550003,80.339996,79.199997,79.900002,79.900002,36931700,0.349999
2/23/2015,79.959999,80.190002,78.379997,78.839996,78.839996,24139100,-1.120003
2/24/2015,78.5,79.480003,78.099998,78.449997,78.449997,18865000,-0.050003
2/25/2015,78.5,80.199997,78.5,79.559998,79.559998,25593800,1.059998
2/26/2015,79.879997,81.370003,79.720001,80.410004,80.410004,31111900,0.530007
2/27/2015,80.68,81.230003,78.620003,78.970001,78.970001,30739200,-1.709999
3/2/2015,79,79.860001,78.519997,79.75,79.75,21662500,0.75
3/3/2015,79.610001,79.699997,78.519997,79.599998,79.599998,18635000,-0.010003
3/4/2015,79.300003,81.150002,78.849998,80.900002,80.900002,28014500,1.599999
3/5/2015,81.230003,81.989998,81.050003,81.209999,81.209999,27825700,-0.020004
3/6/2015,80.900002,81.330002,79.830002,80.010002,80.010002,24488600,-0.89
3/9/2015,79.68,79.910004,78.629997,79.440002,79.440002,18925100,-0.239998
3/10/2015,78.5,79.260002,77.550003,77.550003,77.550003,22832300,-0.949997
3/11/2015,77.800003,78.43,77.260002,77.57,77.57,20215700,-0.230003
3/12/2015,78.099998,79.050003,77.910004,78.93,78.93,16093300,0.830002
3/13/2015,78.599998,79.379997,77.68,78.050003,78.050003,18557300,-0.549995
3/16/2015,77.959999,78.120003,77.360001,78.07,78.07,19305400,0.110001
3/17/2015,78.360001,79.779999,78.339996,79.360001,79.360001,22019500,1
3/18/2015,79.25,81.239998,79.169998,80.910004,80.910004,36694200,1.660004
3/19/2015,81.120003,83,81,82.75,82.75,42099500,1.629997
3/20/2015,83.389999,84.599998,83.07,83.800003,83.800003,44466300,0.410004
3/23/2015,83.919998,84.959999,83.300003,84.43,84.43,27035900,0.510002
3/24/2015,84.709999,86.07,84.519997,85.309998,85.309998,32576500,0.599999
3/25/2015,85.5,85.519997,82.919998,82.919998,82.919998,37436100,-2.580002
3/26/2015,82.720001,83.769997,82.139999,83.010002,83.010002,32794800,0.290001
3/27/2015,83.379997,83.949997,82.879997,83.300003,83.300003,18283600,-0.079994
3/30/2015,83.809998,84.339996,82.410004,83.199997,83.199997,24527700,-0.610001
3/31/2015,82.900002,83.5,82.209999,82.220001,82.220001,19734300,-0.680001
4/1/2015,82.5,82.720001,80.870003,81.669998,81.669998,21984100,-0.830002
4/2/2015,82.25,82.559998,81.440002,81.559998,81.559998,19664100,-0.690002
4/6/2015,80.800003,82.809998,80.800003,82.440002,82.440002,19062900,1.639999
4/7/2015,82.650002,83.419998,82.220001,82.32,82.32,17467000,-0.330002
4/8/2015,82.629997,83.099998,81.839996,82.279999,82.279999,18966700,-0.349998
4/9/2015,82.5,82.800003,81.709999,82.169998,82.169998,15927300,-0.330002
4/10/2015,82.209999,82.610001,81.910004,82.040001,82.040001,12529700,-0.169998
4/13/2015,81.93,83.940002,81.919998,83.010002,83.010002,26883100,1.080002
4/14/2015,83.169998,83.690002,82.440002,83.519997,83.519997,19582600,0.349999
4/15/2015,83.550003,83.660004,82.269997,82.709999,82.709999,22390900,-0.840004
4/16/2015,82.470001,83.07,82.150002,82.309998,82.309998,13769700,-0.160003
4/17/2015,81.480003,82.110001,80.370003,80.779999,80.779999,24076300,-0.700004
4/20/2015,81.540001,83.150002,81.239998,83.089996,83.089996,28678000,1.549995
4/21/2015,84,84.489998,83.540001,83.620003,83.620003,27171900,-0.379997
4/22/2015,84.32,84.739998,83.650002,84.629997,84.629997,45548000,0.309997
4/23/2015,84.099998,85.589996,82.410004,82.410004,82.410004,73728100,-1.689994
4/24/2015,82.769997,82.940002,81.480003,81.529999,81.529999,29660400,-1.239998
4/27/2015,81.870003,82.93,81.629997,81.910004,81.910004,25446000,0.040001
4/28/2015,81.830002,81.900002,80.230003,80.68,80.68,23775300,-1.150002
4/29/2015,80.010002,81.389999,79.519997,80.470001,80.470001,26430300,0.459999
4/30/2015,80.010002,80.959999,78.32,78.769997,78.769997,28999000,-1.240005
5/1/2015,79.239998,79.760002,78.110001,78.989998,78.989998,24136400,-0.25
5/4/2015,79.330002,79.690002,78.629997,78.809998,78.809998,14692000,-0.520004
5/5/2015,78.550003,78.800003,77.220001,77.559998,77.559998,22311300,-0.990005
5/6/2015,77.970001,78.809998,77.050003,78.099998,78.099998,28663000,0.129997
5/7/2015,78,78.940002,77.559998,78.43,78.43,19749400,0.43
5/8/2015,79.099998,79.230003,78.029999,78.510002,78.510002,19943600,-0.589996
5/11/2015,78.480003,79.029999,77.93,78.010002,78.010002,18874100,-0.470001
5/12/2015,77.870003,77.889999,76.790001,77.459999,77.459999,21285300,-0.410004
5/13/2015,77.720001,78.529999,77.650002,78.440002,78.440002,21512300,0.720001
5/14/2015,78.940002,81.849998,78.669998,81.370003,81.370003,49438000,2.430001
5/15/2015,81.410004,81.519997,80.18,80.419998,80.419998,27069900,-0.990006
5/18/2015,80.330002,81.379997,80.230003,80.879997,80.879997,21077200,0.549995
5/19/2015,81.25,81.690002,80.550003,80.629997,80.629997,17955400,-0.620003
5/20/2015,80.470001,81.099998,79.459999,80.550003,80.550003,23056900,0.080002
5/21/2015,80.190002,80.919998,80.080002,80.480003,80.480003,13402700,0.290001
5/22/2015,80.349998,81.309998,80.25,80.540001,80.540001,19567900,0.190003
5/26/2015,80.43,80.599998,79.080002,79.330002,79.330002,16321300,-1.099998
5/27/2015,79.599998,80.660004,79.43,80.550003,80.550003,14160900,0.950005
5/28/2015,80.25,81.07,80,80.150002,80.150002,11982000,-0.099998
5/29/2015,79.949997,80.07,78.879997,79.190002,79.190002,16083900,-0.759995
6/1/2015,79.300003,80.379997,78.660004,80.290001,80.290001,18119000,0.989998
6/2/2015,79.760002,81.349998,79.559998,80.440002,80.440002,18893700,0.68
6/3/2015,81.349998,82.529999,81.25,82.440002,82.440002,31775000,1.090004
6/4/2015,82.139999,82.949997,81.510002,82.050003,82.050003,20863900,-0.089996
6/5/2015,81.870003,82.459999,81.510002,82.139999,82.139999,16143100,0.269996
6/8/2015,81.82,82,80.129997,80.669998,80.669998,16871600,-1.150002
6/9/2015,80.599998,81.190002,79.32,80.669998,80.669998,16497500,0.07
6/10/2015,80.830002,82.599998,80.809998,82.160004,82.160004,21531200,1.330002
6/11/2015,82.309998,82.900002,81.360001,81.830002,81.830002,18656800,-0.479996
6/12/2015,81.370003,82.089996,81.199997,81.529999,81.529999,11417900,0.159996
6/15/2015,80.550003,80.93,80.07,80.709999,80.709999,18805100,0.159996
6/16/2015,80.82,81.510002,80.449997,81.059998,81.059998,13693700,0.239998
6/17/2015,81.760002,82.220001,81.339996,81.790001,81.790001,18350300,0.029999
6/18/2015,81.639999,83.190002,81.57,82.910004,82.910004,26782600,1.270005
6/19/2015,82.830002,82.980003,82.120003,82.510002,82.510002,23353200,-0.32
6/22/2015,83.410004,84.970001,83.309998,84.739998,84.739998,29383100,1.329994
6/23/2015,84.959999,87.970001,84.760002,87.879997,87.879997,50667900,2.919998
6/24/2015,87.660004,89.25,87.449997,88.860001,88.860001,41370200,1.199997
6/25/2015,89.260002,89.400002,87.839996,87.980003,87.980003,27302000,-1.279999
6/26/2015,88.120003,88.339996,86.830002,88.010002,88.010002,38214600,-0.110001
6/29/2015,86.610001,87.5,85.730003,85.800003,85.800003,35957900,-0.809998
6/30/2015,86.599998,86.699997,85.57,85.769997,85.769997,23233200,-0.830001
7/1/2015,86.769997,87.949997,86.489998,86.910004,86.910004,25260000,0.140007
7/2/2015,87.400002,87.440002,86.339996,87.290001,87.290001,16908800,-0.110001
7/6/2015,86.489998,88.190002,86.389999,87.550003,87.550003,24635900,1.060005
7/7/2015,87.800003,87.849998,85.230003,87.220001,87.220001,33059900,-0.580002
7/8/2015,86.290001,86.75,85.449997,85.650002,85.650002,24399300,-0.639999
7/9/2015,86.730003,87.599998,85.650002,85.879997,85.879997,23307400,-0.850006
7/10/2015,87.349998,88.220001,86.769997,87.949997,87.949997,23245900,0.599999
7/13/2015,88.660004,90.220001,88.419998,90.099998,90.099998,29976700,1.439994
7/14/2015,90.459999,90.800003,89.650002,89.68,89.68,26627800,-0.779999
7/15/2015,90,90.989998,89.419998,89.760002,89.760002,30886600,-0.239998
7/16/2015,90.279999,90.860001,89.769997,90.849998,90.849998,21804100,0.569999
7/17/2015,92.550003,95.389999,92.540001,94.970001,94.970001,54001600,2.419998
7/20/2015,95.849998,98.599998,95.360001,97.910004,97.910004,54860500,2.060006
7/21/2015,98.949997,99.239998,97.139999,98.389999,98.389999,39453300,-0.559998
7/22/2015,96.739998,97.580002,95.919998,97.040001,97.040001,28299500,0.300003
7/23/2015,96.959999,97.449997,94.809998,95.440002,95.440002,29418800,-1.519997
7/24/2015,97.349998,97.760002,95.879997,96.949997,96.949997,33444900,-0.400001
7/27/2015,96.580002,96.610001,93.830002,94.169998,94.169998,38585400,-2.410004
7/28/2015,94.839996,95.559998,93.309998,95.290001,95.290001,35236000,0.450005
7/29/2015,96.32,97.279999,94.739998,96.989998,96.989998,64648300,0.669998
7/30/2015,94.910004,95.809998,91.800003,95.209999,95.209999,86211300,0.299995
7/31/2015,94.949997,96.330002,93.949997,94.010002,94.010002,46509000,-0.939995
8/3/2015,93.529999,95.080002,92.800003,94.139999,94.139999,29343100,0.61
8/4/2015,93.790001,94.730003,93.330002,94.059998,94.059998,20136000,0.269997
8/5/2015,95.25,97.089996,95.18,96.440002,96.440002,29813200,1.190002
8/6/2015,97.18,98.739998,94.419998,95.120003,95.120003,42271300,-2.059997
8/7/2015,95.379997,95.400002,93.610001,94.300003,94.300003,23199100,-1.079994
8/10/2015,95.68,95.900002,93.629997,94.150002,94.150002,21624200,-1.529998
8/11/2015,93.730003,94.760002,92.900002,93.620003,93.620003,21372900,-0.11
8/12/2015,92.699997,94.440002,91.190002,94.190002,94.190002,27050500,1.490005
8/13/2015,94.050003,94.730003,93.349998,93.43,93.43,17451800,-0.620003
8/14/2015,93.540001,94.720001,93.209999,94.419998,94.419998,15878500,0.879997
8/17/2015,94.419998,94.459999,93.389999,93.93,93.93,18313500,-0.489998
8/18/2015,94.080002,95.849998,94.040001,95.169998,95.169998,22278800,1.089996
8/19/2015,94.629997,96.099998,94.160004,95.309998,95.309998,23251300,0.680001
8/20/2015,93.540001,94.769997,90.459999,90.559998,90.559998,44598200,-2.980003
8/21/2015,87.519997,89.18,85.610001,86.059998,86.059998,62778700,-1.459999
8/24/2015,77.029999,82.089996,72,82.089996,82.089996,83710700,5.059997
8/25/2015,86.949997,87.669998,83,83,83,52021200,-3.949997
8/26/2015,85.949997,87.459999,83.260002,87.190002,87.190002,45124300,1.240005
8/27/2015,89.099998,90.059998,87.190002,89.730003,89.730003,42431400,0.630005
8/28/2015,89.879997,91.480003,89.790001,91.010002,91.010002,33215900,1.130005
8/31/2015,90.599998,91.050003,88.889999,89.43,89.43,32006700,-1.169998
9/1/2015,86.849998,89.389999,86.5,87.230003,87.230003,36097400,0.380005
9/2/2015,88.809998,89.889999,87.629997,89.889999,89.889999,27190500,1.080001
9/3/2015,89.760002,89.82,87.730003,88.150002,88.150002,27048200,-1.61
9/4/2015,87.199997,88.389999,86.699997,88.260002,88.260002,27328700,1.060005
9/8/2015,89.690002,90.239998,88.830002,89.529999,89.529999,27012500,-0.160003
9/9/2015,90.779999,91.980003,90.169998,90.440002,90.440002,32439000,-0.339997
9/10/2015,90.07,92.059998,89.629997,91.980003,91.980003,26437400,1.910003
9/11/2015,91.68,92.080002,91.129997,92.050003,92.050003,21185000,0.370003
9/14/2015,92.309998,92.620003,91.599998,92.309998,92.309998,20127900,0
9/15/2015,92.370003,93.25,91.790001,92.900002,92.900002,18638300,0.529999
9/16/2015,92.900002,93.599998,92.629997,93.449997,93.449997,16321200,0.549995
9/17/2015,93.370003,95.510002,92.900002,94.339996,94.339996,27841800,0.969993
9/18/2015,93.199997,95.190002,93.050003,94.400002,94.400002,61898700,1.200005
9/21/2015,94.620003,96.489998,94.519997,95.550003,95.550003,28790000,0.93
9/22/2015,93.769997,94.68,91.919998,92.959999,92.959999,36888900,-0.809998
9/23/2015,93.400002,94.32,92.800003,93.970001,93.970001,21701400,0.569999
9/24/2015,93.059998,94.769997,92.239998,94.410004,94.410004,29106000,1.350006
9/25/2015,95.790001,95.849998,92.059998,92.769997,92.769997,28961600,-3.020004
9/28/2015,92.080002,92.290001,88.18,89.209999,89.209999,41199900,-2.870003
9/29/2015,89.099998,90.059998,85.720001,86.669998,86.669998,42281800,-2.43
9/30/2015,88.440002,90.019997,88.010002,89.900002,89.900002,36030300,1.46
10/1/2015,90.050003,90.949997,88.360001,90.949997,90.949997,29283700,0.899994
10/2/2015,88.900002,92.199997,88.370003,92.07,92.07,37881700,3.169998
10/5/2015,92.940002,94.269997,92.660004,94.010002,94.010002,27292500,1.07
10/6/2015,94.080002,94.169998,92.339996,92.800003,92.800003,22172800,-1.279999
10/7/2015,93.110001,93.660004,91.370003,92.400002,92.400002,24129300,-0.709999
10/8/2015,91.889999,93.220001,90.470001,92.470001,92.470001,27290500,0.580002
10/9/2015,92.900002,93.739998,92.239998,93.239998,93.239998,20012900,0.339996
10/12/2015,93.32,94.599998,92.669998,94.260002,94.260002,18449600,0.940002
10/13/2015,93.660004,95.370003,93.550003,94.120003,94.120003,19480300,0.459999
10/14/2015,94.080002,95.199997,93.610001,94.07,94.07,19253400,-0.010002
10/15/2015,94.989998,96.300003,94.900002,95.959999,95.959999,27557500,0.970001
10/16/2015,96.18,97.589996,95.349998,97.540001,97.540001,25412900,1.360001
10/19/2015,97.18,98.57,96.919998,98.470001,98.470001,23729900,1.290001
10/20/2015,98.730003,99.589996,96.559998,97,97,30700500,-1.730003
10/21/2015,97.370003,98.18,96.470001,97.110001,97.110001,21917800,-0.260002
10/22/2015,97.790001,99.730003,97.550003,99.669998,99.669998,26392100,1.879997
10/23/2015,101.910004,102.849998,100.160004,102.190002,102.190002,42809700,0.279998
10/26/2015,102.199997,103.809998,101.550003,103.769997,103.769997,25961200,1.57
10/27/2015,102.940002,104.099998,102.400002,103.699997,103.699997,23795500,0.759995
10/28/2015,103.900002,104.480003,102.919998,104.199997,104.199997,24081500,0.299995
10/29/2015,103.959999,105.120003,103.519997,104.879997,104.879997,20099900,0.919998
10/30/2015,104.510002,104.720001,101.650002,101.970001,101.970001,33487100,-2.540001
11/2/2015,101.720001,103.470001,101.18,103.309998,103.309998,24003900,1.589997
11/3/2015,103.220001,103.650002,102.400002,102.580002,102.580002,21242300,-0.639999
11/4/2015,103.190002,104.139999,102.480003,103.940002,103.940002,38606400,0.75
11/5/2015,108.800003,110.650002,107.949997,108.760002,108.760002,63232900,-0.040001
11/6/2015,108.040001,108.739998,105.910004,107.099998,107.099998,35084300,-0.940003
11/9/2015,107,108.25,105.860001,106.489998,106.489998,26383500,-0.510002
11/10/2015,105.959999,108.150002,105.239998,107.910004,107.910004,25031700,1.950005
11/11/2015,108.269997,109.870003,107.110001,109.010002,109.010002,25057100,0.740005
11/12/2015,108.480003,109.389999,108,108.019997,108.019997,20924700,-0.460006
11/13/2015,107.709999,108.25,103.830002,103.949997,103.949997,30278400,-3.760002
11/16/2015,103.32,104.169998,100.470001,104.040001,104.040001,49309200,0.720001
11/17/2015,104.620003,106.199997,104.139999,105.129997,105.129997,26807200,0.509994
11/18/2015,105.800003,107.879997,105.389999,107.769997,107.769997,23836500,1.969994
11/19/2015,107.360001,107.730003,105.949997,106.260002,106.260002,25520600,-1.099999
11/20/2015,106.839996,107.870003,106.620003,107.32,107.32,22129600,0.480004
11/23/2015,107.190002,107.470001,106.080002,106.949997,106.949997,19897200,-0.240005
11/24/2015,106,106.489998,104.389999,105.739998,105.739998,23577300,-0.260002
11/25/2015,106.330002,106.599998,105.099998,105.410004,105.410004,15150800,-0.919998
11/27/2015,105.779999,105.959999,104.860001,105.449997,105.449997,5913100,-0.330002
11/30/2015,105.839996,106.099998,103.75,104.239998,104.239998,20383200,-1.599998
12/1/2015,104.830002,107.150002,104.5,107.120003,107.120003,22781900,2.290001
12/2/2015,107,107.919998,105.790001,106.07,106.07,24429100,-0.93
12/3/2015,106.269997,106.849998,103.349998,104.379997,104.379997,23236500,-1.89
12/4/2015,104.809998,107.730003,104.110001,106.18,106.18,21224700,1.370002
12/7/2015,106.480003,106.830002,104.660004,105.610001,105.610001,15474900,-0.870002
12/8/2015,104,106.910004,103.949997,106.489998,106.489998,20401800,2.489998
12/9/2015,106.18,106.440002,103.550003,104.599998,104.599998,23517300,-1.580002
12/10/2015,105.050003,106.400002,104.410004,105.419998,105.419998,17414500,0.369995
12/11/2015,104.150002,104.339996,101.910004,102.120003,102.120003,26427700,-2.029999
12/14/2015,102.290001,104.739998,101.459999,104.660004,104.660004,24648100,2.370003
12/15/2015,105.300003,105.800003,104.279999,104.550003,104.550003,21764300,-0.75
12/16/2015,105.370003,107.089996,104.190002,106.790001,106.790001,22680500,1.419998
12/17/2015,107.489998,107.75,106.129997,106.220001,106.220001,21675700,-1.269997
12/18/2015,106.080002,106.589996,103.970001,104.040001,104.040001,35994200,-2.040001
12/21/2015,104.910004,105.150002,103.599998,104.769997,104.769997,16138800,-0.140007
12/22/2015,105.220001,105.660004,104.809998,105.510002,105.510002,14420600,0.290001
12/23/2015,105.889999,106.110001,103.860001,104.629997,104.629997,19599700,-1.260002
12/24/2015,104.739998,105.32,104.5,105.019997,105.019997,6512100,0.279999
12/28/2015,105.019997,105.980003,104.529999,105.93,105.93,13031200,0.910003
12/29/2015,106.419998,107.739998,106.25,107.260002,107.260002,17179900,0.840004
12/30/2015,107,107.25,106.059998,106.220001,106.220001,13115000,-0.779999
12/31/2015,106,106.169998,104.620003,104.660004,104.660004,18391100,-1.339996
1/4/2016,101.949997,102.239998,99.75,102.220001,102.220001,37912400,0.270004
1/5/2016,102.889999,103.709999,101.669998,102.730003,102.730003,23258200,-0.159996
1/6/2016,101.129997,103.769997,100.900002,102.970001,102.970001,25096200,1.840004
1/7/2016,100.5,101.43,97.300003,97.919998,97.919998,45172900,-2.580002
1/8/2016,99.879997,100.5,97.029999,97.330002,97.330002,35402300,-2.549995
1/11/2016,97.910004,98.599998,95.389999,97.510002,97.510002,29873100,-0.400002
1/12/2016,99,99.959999,97.550003,99.370003,99.370003,28395400,0.370003
1/13/2016,100.580002,100.580002,95.209999,95.440002,95.440002,33410600,-5.14
1/14/2016,95.849998,98.870003,92.449997,98.370003,98.370003,48658600,2.520005
1/15/2016,93.980003,96.379997,93.540001,94.970001,94.970001,46132800,0.989998
1/19/2016,96.529999,97.419998,93.919998,95.260002,95.260002,30998300,-1.269997
1/20/2016,92.830002,95,89.370003,94.349998,94.349998,59051400,1.519996
1/21/2016,94.910004,95.989998,92.620003,94.160004,94.160004,30518900,-0.75
1/22/2016,96.410004,98.07,95.489998,97.940002,97.940002,30495400,1.529998
1/25/2016,98.720001,99.480003,96.93,97.010002,97.010002,32482000,-1.709999
1/26/2016,97.760002,97.879997,95.660004,97.339996,97.339996,26637400,-0.420006
1/27/2016,97.790001,97.849998,94.230003,94.449997,94.449997,58699400,-3.340004
1/28/2016,107.199997,110.339996,104.809998,109.110001,109.110001,107475300,1.910004
1/29/2016,108.989998,112.839996,108.839996,112.209999,112.209999,62739500,3.220001
2/1/2016,112.269997,115.720001,112.010002,115.089996,115.089996,46132700,2.819999
2/2/2016,114.800003,117.589996,113.199997,114.610001,114.610001,59778600,-0.190002
2/3/2016,115.269997,115.339996,109.75,112.690002,112.690002,56919300,-2.579995
2/4/2016,111.800003,111.940002,109.25,110.489998,110.489998,38648500,-1.310005
2/5/2016,109.510002,109.580002,103.18,104.07,104.07,76894700,-5.440002
2/8/2016,100.410004,102.68,97.459999,99.75,99.75,71229700,-0.660004
2/9/2016,97.139999,102.400002,96.82,99.540001,99.540001,62580100,2.400002
2/10/2016,101.550003,103.25,100.239998,101,101,45179400,-0.550003
2/11/2016,99.599998,105.110001,98.879997,101.910004,101.910004,43670600,2.310006
2/12/2016,103.739998,104.239998,101.089996,102.010002,102.010002,36176800,-1.729996
2/16/2016,103.800003,103.93,100.239998,101.610001,101.610001,45687200,-2.190002
2/17/2016,102.019997,105.720001,100.400002,105.199997,105.199997,44073400,3.18
2/18/2016,105.800003,106,103.029999,103.470001,103.470001,29593500,-2.330002
2/19/2016,102.550003,105.019997,102.059998,104.57,104.57,32404500,2.019997
2/22/2016,105.489998,108.25,105.339996,107.160004,107.160004,35709700,1.670006
2/23/2016,106.849998,107.470001,105.120003,105.459999,105.459999,25319300,-1.389999
2/24/2016,104.209999,106.949997,102.739998,106.879997,106.879997,34412400,2.669998
2/25/2016,107.110001,108.07,105.610001,108.07,108.07,29796200,0.959999
2/26/2016,108.699997,109.449997,107.160004,107.919998,107.919998,26686200,-0.779999
2/29/2016,107.599998,108.910004,106.75,106.919998,106.919998,32779000,-0.68
3/1/2016,107.830002,109.82,107.599998,109.82,109.82,26817300,1.989998
3/2/2016,109.68,110.550003,108.769997,109.949997,109.949997,25670200,0.269997
3/3/2016,110.25,110.300003,108.540001,109.580002,109.580002,21333500,-0.669998
3/4/2016,110.050003,110.050003,107.93,108.389999,108.389999,24938900,-1.660004
3/7/2016,108.07,108.07,104.720001,105.730003,105.730003,31436400,-2.339997
3/8/2016,104.779999,107.370003,104.400002,105.93,105.93,25617000,1.150001
3/9/2016,106.699997,107.510002,105.489998,107.510002,107.510002,20493300,0.810005
3/10/2016,107.910004,108.660004,105.769997,107.32,107.32,24780700,-0.590004
3/11/2016,108.480003,109.419998,107.919998,109.410004,109.410004,20697600,0.930001
3/14/2016,109.279999,110.330002,108.769997,109.889999,109.889999,17249400,0.61
3/15/2016,109.110001,110.830002,108.839996,110.669998,110.669998,17618500,1.559997
3/16/2016,110.489998,112.5,110.099998,112.18,112.18,24744800,1.690002
3/17/2016,112.150002,112.690002,110.730003,111.019997,111.019997,24241200,-1.130005
3/18/2016,111.559998,112.419998,110.269997,111.449997,111.449997,36256900,-0.110001
3/21/2016,111.660004,112.370003,111.029999,111.849998,111.849998,18448000,0.189994
3/22/2016,111.360001,112.879997,111.169998,112.25,112.25,19001100,0.889999
3/23/2016,112.010002,113.190002,112,112.540001,112.540001,18562000,0.529999
3/24/2016,112.129997,113.089996,111.68,113.050003,113.050003,17839100,0.920006
3/28/2016,113.32,114.589996,112.949997,113.690002,113.690002,21351800,0.370002
3/29/2016,113.830002,116.32,113.639999,116.139999,116.139999,29765800,2.309997
3/30/2016,116.730003,116.989998,114.360001,114.699997,114.699997,33235200,-2.030006
3/31/2016,114.699997,115.010002,113.769997,114.099998,114.099998,21207500,-0.599999
4/1/2016,113.75,116.169998,113.349998,116.059998,116.059998,24760500,2.309998
4/4/2016,114.07,114.550003,111.610001,112.550003,112.550003,48487900,-1.519997
4/5/2016,112.110001,113.32,111.900002,112.220001,112.220001,22962400,0.11
4/6/2016,112.470001,113.809998,112.419998,113.709999,113.709999,20522400,1.239998
4/7/2016,113.790001,114.889999,113.07,113.639999,113.639999,20714500,-0.150002
4/8/2016,114.25,114.330002,109.900002,110.629997,110.629997,48497800,-3.620003
4/11/2016,110.699997,110.910004,108.769997,108.989998,108.989998,39762300,-1.709999
4/12/2016,109.339996,111.160004,108.989998,110.610001,110.610001,26175900,1.270005
4/13/2016,112.230003,112.650002,106.519997,110.510002,110.510002,88227400,-1.720001
4/14/2016,110.620003,112.040001,110.260002,110.839996,110.839996,28430900,0.219993
4/15/2016,110.790001,110.970001,109.199997,109.639999,109.639999,20922800,-1.150002
4/18/2016,109.739998,110.809998,109.199997,110.449997,110.449997,21092700,0.709999
4/19/2016,111.099998,112.449997,109.160004,112.290001,112.290001,30210500,1.190003
4/20/2016,112.43,113.269997,111.559998,112.419998,112.419998,21027900,-0.010002
4/21/2016,112.550003,114.040001,112.309998,113.440002,113.440002,20875200,0.889999
4/22/2016,111.209999,111.75,109.010002,110.559998,110.559998,38458200,-0.650001
4/25/2016,109.870003,110.669998,109.07,110.099998,110.099998,21017900,0.229995
4/26/2016,110.489998,110.5,108.150002,108.760002,108.760002,22521500,-1.729996
4/27/2016,107.940002,108.940002,106.309998,108.889999,108.889999,52213100,0.949997
4/28/2016,119.580002,120.790001,116.230003,116.730003,116.730003,87110100,-2.849999
4/29/2016,116.82,117.839996,115.839996,117.580002,117.580002,37140600,0.760002
5/2/2016,117.830002,118.730003,116.57,118.57,118.57,28095200,0.739998
5/3/2016,117.519997,118.160004,117.019997,117.43,117.43,24117500,-0.089997
5/4/2016,116.610001,118.300003,116.57,118.059998,118.059998,23380200,1.449997
5/5/2016,118.040001,118.980003,117.25,117.809998,117.809998,22056700,-0.230003
5/6/2016,117.160004,119.639999,117.110001,119.489998,119.489998,26395600,2.329994
5/9/2016,119.540001,120.279999,118.900002,119.239998,119.239998,21138100,-0.300003
5/10/2016,119.620003,120.5,119,120.5,120.5,22803700,0.879997
5/11/2016,120.410004,121.080002,119.419998,119.519997,119.519997,22038400,-0.890007
5/12/2016,119.980003,120.839996,118.900002,120.279999,120.279999,22035500,0.299996
5/13/2016,120.379997,120.639999,119.68,119.809998,119.809998,18124300,-0.569999
5/16/2016,119.379997,119.610001,117.349998,118.669998,118.669998,31247800,-0.709999
5/17/2016,118.82,119.010002,117.199997,117.349998,117.349998,21328600,-1.470002
5/18/2016,116.800003,118.269997,116.730003,117.650002,117.650002,21642300,0.849999
5/19/2016,117.050003,117.489998,115.879997,116.809998,116.809998,20544100,-0.240005
5/20/2016,116.959999,117.989998,116.949997,117.349998,117.349998,18944800,0.389999
5/23/2016,117.419998,117.599998,115.940002,115.970001,115.970001,20367400,-1.449997
5/24/2016,116.239998,117.730003,116.120003,117.699997,117.699997,20183600,1.459999
5/25/2016,118.129997,118.669998,117.379997,117.889999,117.889999,20019800,-0.239998
5/26/2016,118.239998,119.760002,117.919998,119.470001,119.470001,18191500,1.230003
5/27/2016,119.559998,119.849998,119.010002,119.379997,119.379997,13493600,-0.180001
5/31/2016,119.459999,120.099998,118.120003,118.809998,118.809998,23547600,-0.650001
6/1/2016,118.5,119.080002,117.82,118.779999,118.779999,15029500,0.279999
6/2/2016,118.690002,119.440002,118.220001,118.93,118.93,13189900,0.239998
6/3/2016,118.980003,118.980003,117.860001,118.470001,118.470001,14135100,-0.510002
6/6/2016,118.620003,119.43,118.360001,118.790001,118.790001,12744700,0.169998
6/7/2016,119.239998,119.300003,117.669998,117.760002,117.760002,17103000,-1.479996
6/8/2016,117.760002,118.599998,117.269997,118.389999,118.389999,14505600,0.629997
6/9/2016,118.129997,118.68,117.709999,118.559998,118.559998,13859200,0.430001
6/10/2016,117.540001,118.110001,116.260002,116.620003,116.620003,18510800,-0.919998
6/13/2016,115,115.480003,113.309998,113.949997,113.949997,31718200,-1.050003
6/14/2016,114.07,114.949997,113.580002,114.940002,114.940002,17618500,0.870002
6/15/2016,115.300003,115.440002,114.07,114.599998,114.599998,19819400,-0.700005
6/16/2016,113.870003,114.5,112.940002,114.389999,114.389999,19236300,0.519996
6/17/2016,114.419998,114.43,112.559998,113.019997,113.019997,24644300,-1.400001
6/20/2016,113.769997,114.720001,112.75,113.370003,113.370003,20785400,-0.399994
6/21/2016,114.120003,115.209999,113.970001,114.379997,114.379997,19166300,0.259994
6/22/2016,114.650002,114.739998,113.610001,113.910004,113.910004,14846300,-0.739998
6/23/2016,114.370003,115.089996,113.540001,115.080002,115.080002,16176900,0.709999
6/24/2016,111.010002,113.68,111,112.080002,112.080002,40643100,1.07
6/27/2016,111.57,111.57,108.230003,108.970001,108.970001,36130400,-2.599999
6/28/2016,110.629997,112.75,110.550003,112.699997,112.699997,26813800,2.07
6/29/2016,113.370003,114.25,113.040001,114.160004,114.160004,20968300,0.790001
6/30/2016,114.669998,115.18,113.669998,114.279999,114.279999,23192700,-0.389999
7/1/2016,114.199997,115.129997,113.809998,114.190002,114.190002,14980000,-0.009995
7/5/2016,113.940002,114.199997,112.970001,114.199997,114.199997,14207000,0.259995
7/6/2016,113.360001,116.790001,112.970001,116.699997,116.699997,24337600,3.339996
7/7/2016,116.629997,116.970001,115.360001,115.849998,115.849998,16600600,-0.779999
7/8/2016,116.43,117.5,115.849998,117.239998,117.239998,18142600,0.809998
7/11/2016,117.709999,118.699997,117.5,117.870003,117.870003,17711600,0.160004
7/12/2016,118.629997,118.720001,117.57,117.93,117.93,15217700,-0.699997
7/13/2016,118.389999,118.400002,116.68,116.779999,116.779999,16207700,-1.61
7/14/2016,117.5,117.639999,116.699997,117.290001,117.290001,14579700,-0.209999
7/15/2016,117.739998,118.279999,116.580002,116.860001,116.860001,16646000,-0.879997
7/18/2016,117.32,119.610001,116.889999,119.370003,119.370003,20868400,2.050003
7/19/2016,118.989998,120.849998,118.660004,120.610001,120.610001,21541300,1.620003
7/20/2016,121.25,122.199997,120.559998,121.919998,121.919998,20046500,0.669998
7/21/2016,121.919998,122.099998,120.25,120.610001,120.610001,17801700,-1.309997
7/22/2016,119.900002,121.010002,119.309998,121,121,18422400,1.099998
7/25/2016,121.389999,121.849998,117.779999,121.629997,121.629997,18487400,0.239998
7/26/2016,122,122.07,120.75,121.220001,121.220001,17612000,-0.779999
7/27/2016,122.419998,125,121.510002,123.339996,123.339996,46673900,0.919998
7/28/2016,127.519997,128.330002,123.629997,125,125,78955800,-2.519997
7/29/2016,124.650002,125.839996,123.709999,123.940002,123.940002,35058800,-0.71
8/1/2016,123.849998,124.580002,122.860001,124.309998,124.309998,25006900,0.46
8/2/2016,124.059998,124.800003,122.07,123.089996,123.089996,23968400,-0.970002
8/3/2016,123.089996,123.919998,122.309998,122.510002,122.510002,18525300,-0.579994
8/4/2016,122.940002,124.790001,122.510002,124.360001,124.360001,21038000,1.419999
8/5/2016,124.980003,125.839996,124.620003,125.150002,125.150002,20184000,0.169999
8/8/2016,125.25,125.449997,124.550003,125.260002,125.260002,15233900,0.010002
8/9/2016,125.339996,126.089996,124.529999,125.059998,125.059998,19621000,-0.279998
8/10/2016,125.07,125.480003,124.540001,124.879997,124.879997,10670100,-0.190003
8/11/2016,125.199997,125.379997,124.75,124.900002,124.900002,11657500,-0.299995
8/12/2016,124.699997,125,124.18,124.879997,124.879997,12159000,0.18
8/15/2016,124.910004,124.919998,123.699997,123.900002,123.900002,19295100,-1.010002
8/16/2016,123.5,123.919998,122.779999,123.300003,123.300003,14222400,-0.199997
8/17/2016,123.660004,124.379997,122.849998,124.370003,124.370003,13794200,0.709999
8/18/2016,124.010002,124.260002,123.639999,123.910004,123.910004,12400800,-0.099998
8/19/2016,123.599998,124.160004,123.279999,123.559998,123.559998,11688300,-0.04
8/22/2016,123.330002,124.830002,123.110001,124.150002,124.150002,14386400,0.82
8/23/2016,124.510002,125.089996,124.25,124.370003,124.370003,13309500,-0.139999
8/24/2016,124.470001,124.690002,123.089996,123.480003,123.480003,12243700,-0.989998
8/25/2016,123.120003,124.370003,123.099998,123.889999,123.889999,10730800,0.769996
8/26/2016,124.050003,125.190002,123.910004,124.959999,124.959999,17504800,0.909996
8/29/2016,124.349998,126.730003,124.349998,126.540001,126.540001,15815600,2.190003
8/30/2016,126.599998,126.599998,125.150002,125.839996,125.839996,17804300,-0.760002
8/31/2016,125.599998,126.220001,125.099998,126.120003,126.120003,14200600,0.520005
9/1/2016,126.379997,126.629997,125.599998,126.169998,126.169998,13536100,-0.209999
9/2/2016,126.849998,126.860001,126,126.510002,126.510002,12118800,-0.339996
9/6/2016,126.669998,129.940002,126.470001,129.729996,129.729996,26278400,3.059998
9/7/2016,130.039993,131.979996,129.949997,131.050003,131.050003,27990800,1.01001
9/8/2016,130.919998,131.080002,129.809998,130.270004,130.270004,15553200,-0.649994
9/9/2016,129.710007,129.949997,127.099998,127.099998,127.099998,27100700,-2.610009
9/12/2016,125.959999,128.759995,125.75,128.690002,128.690002,21252800,2.730003
9/13/2016,128.029999,128.350006,126.660004,127.209999,127.209999,18016200,-0.82
9/14/2016,126.889999,128.800003,126.889999,127.769997,127.769997,15691100,0.879998
9/15/2016,127.980003,129.100006,127.669998,128.350006,128.350006,15077200,0.370003
9/16/2016,128.199997,129.179993,128.199997,129.070007,129.070007,24119200,0.87001
9/19/2016,129.910004,129.940002,128.259995,128.649994,128.649994,14919800,-1.26001
9/20/2016,128.649994,129.169998,128.029999,128.639999,128.639999,11083800,-0.009995
9/21/2016,129.130005,130.009995,128.389999,129.940002,129.940002,14068300,0.809997
9/22/2016,130.5,130.729996,129.559998,130.080002,130.080002,15538300,-0.419998
9/23/2016,127.559998,128.600006,127.300003,127.959999,127.959999,28326300,0.400001
9/26/2016,127.370003,128.160004,126.800003,127.309998,127.309998,15064900,-0.060005
9/27/2016,127.610001,129.009995,127.43,128.690002,128.690002,15637100,1.080001
9/28/2016,129.210007,129.470001,128.399994,129.229996,129.229996,12047600,0.019989
9/29/2016,129.179993,129.289993,127.550003,128.089996,128.089996,14532200,-1.089997
9/30/2016,128.029999,128.589996,127.449997,128.270004,128.270004,18402900,0.240005
10/3/2016,128.380005,129.089996,127.800003,128.770004,128.770004,13156900,0.389999
10/4/2016,129.169998,129.279999,127.550003,128.190002,128.190002,14307500,-0.979996
10/5/2016,128.25,128.800003,127.830002,128.470001,128.470001,12386800,0.220001
10/6/2016,128.429993,129.059998,128.080002,128.740005,128.740005,11682700,0.310012
10/7/2016,129.039993,129.25,128.330002,128.990005,128.990005,12804400,-0.049988
10/10/2016,129.679993,130.699997,129.199997,130.240005,130.240005,15101400,0.560012
10/11/2016,130.229996,130.639999,128.229996,128.880005,128.880005,17537900,-1.349991
10/12/2016,129.009995,129.660004,128.460007,129.050003,129.050003,11073000,0.040008
10/13/2016,128.210007,128.25,126.75,127.82,127.82,17139300,-0.390007
10/14/2016,128.490005,128.949997,127.580002,127.879997,127.879997,13345300,-0.610008
10/17/2016,128.199997,128.470001,127.32,127.540001,127.540001,11351700,-0.659996
10/18/2016,128.679993,129.389999,128.009995,128.570007,128.570007,13457200,-0.109986
10/19/2016,128.740005,130.470001,128.600006,130.110001,130.110001,16752300,1.369996
10/20/2016,130.070007,130.660004,129.5,130,130,13167500,-0.070007
10/21/2016,129.779999,132.130005,129.699997,132.070007,132.070007,19088800,2.290008
10/24/2016,132.720001,133.410004,132.149994,133.279999,133.279999,17470200,0.559998
10/25/2016,133.5,133.5,132.220001,132.289993,132.289993,13336800,-1.210007
10/26/2016,131.639999,132.259995,130.940002,131.039993,131.039993,13084700,-0.600006
10/27/2016,131.740005,131.800003,129.270004,129.690002,129.690002,16741400,-2.050003
10/28/2016,130.5,132.970001,129.929993,131.289993,131.289993,24545500,0.789993
10/31/2016,132.009995,132.119995,130.880005,130.990005,130.990005,15669000,-1.01999
11/1/2016,131.410004,131.940002,128.649994,129.5,129.5,22077800,-1.910004
11/2/2016,130.229996,130.229996,126.279999,127.169998,127.169998,39640900,-3.059998
11/3/2016,122,123.279999,119.5,120,120,63766300,-2
11/4/2016,119.589996,121.93,119.25,120.75,120.75,30545500,1.160004
11/7/2016,122.830002,123.209999,121.349998,122.150002,122.150002,23008900,-0.68
11/8/2016,122.029999,124.610001,121.540001,124.220001,124.220001,19367800,2.190002
11/9/2016,121.5,123.809998,120.510002,123.18,123.18,31916000,1.68
11/10/2016,123.93,124.18,115.269997,120.800003,120.800003,67846700,-3.129997
11/11/2016,119.529999,120.699997,118.150002,119.019997,119.019997,32840100,-0.510002
11/14/2016,119.129997,119.129997,113.550003,115.080002,115.080002,51247400,-4.049995
11/15/2016,116.730003,118.489998,115.830002,117.199997,117.199997,34681400,0.469994
11/16/2016,114.480003,117.879997,114.209999,116.339996,116.339996,32345400,1.859993
11/17/2016,116.809998,117.790001,116.010002,117.790001,117.790001,18597800,0.980003
11/18/2016,118.389999,119.129997,116.839996,117.019997,117.019997,22879300,-1.370002
11/21/2016,118.199997,121.949997,117.800003,121.769997,121.769997,35415400,3.57
11/22/2016,122.400002,122.980003,120.900002,121.470001,121.470001,26089200,-0.930001
11/23/2016,121.230003,121.309998,119.940002,120.839996,120.839996,15592400,-0.390007
11/25/2016,121.010002,121.139999,120.07,120.379997,120.379997,8658600,-0.630005
11/28/2016,120.120003,121.690002,119.82,120.410004,120.410004,18101300,0.290001
11/29/2016,120.57,122.099998,120.400002,120.870003,120.870003,18891000,0.300003
11/30/2016,120.32,121.790001,117.949997,118.419998,118.419998,30188900,-1.900002
12/1/2016,118.379997,118.449997,114,115.099998,115.099998,43277000,-3.279999
12/2/2016,115.110001,116.480003,114.300003,115.400002,115.400002,25070400,0.290001
12/5/2016,115.949997,117.57,115.07,117.43,117.43,20201500,1.480003
12/6/2016,117.690002,117.800003,116.330002,117.309998,117.309998,19131200,-0.380004
12/7/2016,117,117.949997,116.57,117.949997,117.949997,21913700,0.949997
12/8/2016,117.980003,119.5,117.639999,118.910004,118.910004,22442800,0.930001
12/9/2016,119.220001,119.940002,118.949997,119.68,119.68,17464700,0.459999
12/12/2016,119.220001,119.239998,117.650002,117.769997,117.769997,17805500,-1.450004
12/13/2016,117.860001,121.519997,117.610001,120.309998,120.309998,29768000,2.449997
12/14/2016,120,121.690002,118.849998,120.209999,120.209999,25913100,0.209999
12/15/2016,120.080002,122.5,119.629997,120.57,120.57,20139600,0.489998
12/16/2016,120.900002,121.5,119.269997,119.870003,119.870003,25174600,-1.029999
12/19/2016,119.849998,120.360001,118.510002,119.239998,119.239998,15918100,-0.61
12/20/2016,119.5,119.769997,118.800003,119.089996,119.089996,13684400,-0.410004
12/21/2016,118.919998,119.199997,118.480003,119.040001,119.040001,10767600,0.120003
12/22/2016,118.860001,118.989998,116.93,117.400002,117.400002,16258600,-1.459999
12/23/2016,117,117.559998,116.300003,117.269997,117.269997,10877300,0.269997
12/27/2016,116.959999,118.68,116.860001,118.010002,118.010002,12051500,1.050003
12/28/2016,118.190002,118.25,116.650002,116.919998,116.919998,12087400,-1.270004
12/29/2016,117,117.529999,116.059998,116.349998,116.349998,9921400,-0.650002
12/30/2016,116.599998,116.830002,114.769997,115.050003,115.050003,18684100,-1.549995
1/3/2017,116.029999,117.839996,115.510002,116.860001,116.860001,20663900,0.830002
1/4/2017,117.550003,119.660004,117.290001,118.690002,118.690002,19630900,1.139999
1/5/2017,118.860001,120.949997,118.32,120.669998,120.669998,19492200,1.809997
1/6/2017,120.980003,123.879997,120.029999,123.410004,123.410004,28545300,2.430001
1/9/2017,123.550003,125.43,123.040001,124.900002,124.900002,22861600,1.349999
1/10/2017,124.82,125.5,124.279999,124.349998,124.349998,17324600,-0.470002
1/11/2017,124.349998,126.120003,124.059998,126.089996,126.089996,18356500,1.739998
1/12/2017,125.610001,126.730003,124.800003,126.620003,126.620003,18653900,1.010002
1/13/2017,127.489998,129.270004,127.370003,128.339996,128.339996,24884300,0.849998
1/17/2017,128.039993,128.339996,127.400002,127.870003,127.870003,15228000,-0.16999
1/18/2017,128.410004,128.429993,126.839996,127.919998,127.919998,13145900,-0.490006
1/19/2017,128.229996,128.350006,127.449997,127.550003,127.550003,12195500,-0.679993
1/20/2017,128.100006,128.479996,126.779999,127.040001,127.040001,19097200,-1.060005
1/23/2017,127.309998,129.25,126.949997,128.929993,128.929993,16593600,1.619995
1/24/2017,129.380005,129.899994,128.380005,129.369995,129.369995,15162700,-0.01001
1/25/2017,130,131.740005,129.770004,131.479996,131.479996,18731300,1.479996
1/26/2017,131.630005,133.139999,131.440002,132.779999,132.779999,20020100,1.149994
1/27/2017,132.679993,132.949997,131.080002,132.179993,132.179993,19539500,-0.5
1/30/2017,131.580002,131.580002,129.600006,130.979996,130.979996,18956100,-0.600006
1/31/2017,130.169998,130.660004,129.520004,130.320007,130.320007,19790500,0.150009
2/1/2017,132.25,133.490005,130.679993,133.229996,133.229996,50139800,0.979996
2/2/2017,133.220001,135.490005,130.399994,130.839996,130.839996,54366400,-2.380005
2/3/2017,131.240005,132.850006,130.759995,130.979996,130.979996,24804900,-0.260009
2/6/2017,130.979996,132.059998,130.300003,132.059998,132.059998,17058500,1.080002
2/7/2017,132.240005,133,131.660004,131.839996,131.839996,14596400,-0.400009
2/8/2017,132.600006,134.440002,132.440002,134.199997,134.199997,22390600,1.599991
2/9/2017,134.490005,134.5,133.309998,134.139999,134.139999,16470600,-0.350006
2/10/2017,134.100006,134.940002,133.679993,134.190002,134.190002,15061900,0.089996
2/13/2017,134.699997,134.699997,133.699997,134.050003,134.050003,13526200,-0.649994
2/14/2017,134.100006,134.229996,132.550003,133.850006,133.850006,14340100,-0.25
2/15/2017,133.449997,133.699997,132.660004,133.440002,133.440002,13226500,-0.009995
2/16/2017,133.070007,133.869995,133.020004,133.839996,133.839996,12831100,0.769989
2/17/2017,133.5,134.089996,133.169998,133.529999,133.529999,12276500,0.029999
2/21/2017,133.5,133.910004,132.899994,133.720001,133.720001,14759100,0.220001
2/22/2017,133.600006,136.789993,133.460007,136.119995,136.119995,27360100,2.519989
2/23/2017,135.889999,136.119995,134.330002,135.360001,135.360001,18422500,-0.529998
2/24/2017,134.160004,135.619995,134.160004,135.440002,135.440002,12625700,1.279998
2/27/2017,135.259995,137.179993,135.020004,136.410004,136.410004,14306700,1.150009
2/28/2017,136.789993,136.809998,134.75,135.539993,135.539993,16112100,-1.25
3/1/2017,136.470001,137.479996,136.300003,137.419998,137.419998,16257000,0.949997
3/2/2017,137.089996,137.820007,136.309998,136.759995,136.759995,12294800,-0.330001
3/3/2017,136.630005,137.330002,136.080002,137.169998,137.169998,11160600,0.539993
3/6/2017,136.880005,137.830002,136.509995,137.419998,137.419998,12748200,0.539993
3/7/2017,137.029999,138.369995,136.990005,137.300003,137.300003,13527100,0.270004
3/8/2017,137.149994,137.990005,137.050003,137.720001,137.720001,10184500,0.570007
3/9/2017,137.720001,138.570007,137.399994,138.240005,138.240005,15535300,0.520004
3/10/2017,138.910004,139.490005,138.220001,138.789993,138.789993,16314100,-0.120011
3/13/2017,138.710007,139.679993,138.669998,139.600006,139.600006,10955500,0.889999
3/14/2017,139.460007,139.460007,138.520004,139.320007,139.320007,12944000,-0.14
3/15/2017,139.289993,140.100006,138.490005,139.720001,139.720001,19344800,0.430008
3/16/2017,140.199997,140.25,139.729996,139.990005,139.990005,13612900,-0.209992
3/17/2017,140.339996,140.339996,139.699997,139.839996,139.839996,20592800,-0.5
3/20/2017,139.710007,140.190002,139.25,139.940002,139.940002,12099500,0.229995
3/21/2017,141.149994,142.309998,138.399994,138.509995,138.509995,29894800,-2.639999
3/22/2017,137.929993,139.789993,137.600006,139.589996,139.589996,17055400,1.660003
3/23/2017,139.479996,140.389999,139.089996,139.529999,139.529999,13022800,0.050003
3/24/2017,140.080002,141.020004,139.759995,140.339996,140.339996,16664700,0.259994
3/27/2017,139.050003,140.649994,138.770004,140.320007,140.320007,12800500,1.270004
3/28/2017,140.360001,141.949997,140.009995,141.759995,141.759995,14679400,1.399994
3/29/2017,141.990005,142.860001,141.429993,142.649994,142.649994,16527600,0.659989
3/30/2017,142.399994,142.949997,141.850006,142.410004,142.410004,12404000,0.01001
3/31/2017,142.309998,142.630005,141.889999,142.050003,142.050003,11478300,-0.259995
4/3/2017,141.929993,142.470001,140.820007,142.279999,142.279999,13564000,0.350006
4/4/2017,141.860001,142.089996,141.270004,141.729996,141.729996,12948600,-0.130005
4/5/2017,142.259995,143.440002,141.289993,141.850006,141.850006,17158100,-0.409989
4/6/2017,142.110001,142.220001,140.910004,141.169998,141.169998,15103400,-0.940003
4/7/2017,141.199997,141.550003,140.240005,140.779999,140.779999,11818300,-0.419998
4/10/2017,141,141.429993,140.630005,141.039993,141.039993,9039400,0.039993
4/11/2017,140.800003,141.029999,138.809998,139.919998,139.919998,16638100,-0.880005
4/12/2017,139.720001,140.399994,139.440002,139.580002,139.580002,11612500,-0.139999
4/13/2017,139.619995,140.580002,139.330002,139.389999,139.389999,10965600,-0.229996
4/17/2017,139.759995,141.550003,139.75,141.419998,141.419998,11519700,1.660003
4/18/2017,141.270004,141.910004,140.610001,140.960007,140.960007,14807500,-0.309997
4/19/2017,141.350006,143.039993,141.270004,142.270004,142.270004,15563900,0.919998
4/20/2017,142.949997,144.25,142.690002,143.800003,143.800003,15968200,0.850006
4/21/2017,143.899994,144.169998,142.270004,143.679993,143.679993,12382000,-0.220001
4/24/2017,144.960007,145.669998,144.339996,145.470001,145.470001,14407200,0.509994
4/25/2017,145.789993,147.149994,145.789993,146.490005,146.490005,17767500,0.700012
4/26/2017,147.089996,147.589996,146.089996,146.559998,146.559998,12395000,-0.529998
4/27/2017,146.669998,147.75,146.139999,147.699997,147.699997,11275100,1.029999
4/28/2017,149.5,151.529999,149.070007,150.25,150.25,30568000,0.75
5/1/2017,151.740005,152.570007,151.419998,152.460007,152.460007,25218300,0.720002
5/2/2017,153.339996,153.440002,151.660004,152.779999,152.779999,21870400,-0.559997
5/3/2017,153.600006,153.600006,151.339996,151.800003,151.800003,29782500,-1.800003
5/4/2017,150.169998,151.520004,148.720001,150.850006,150.850006,36225500,0.680008
5/5/2017,151.449997,151.630005,149.789993,150.240005,150.240005,17148500,-1.209992
5/8/2017,150.710007,151.080002,149.740005,151.059998,151.059998,15827500,0.349991
5/9/2017,151.490005,152.589996,150.210007,150.479996,150.479996,17453900,-1.010009
5/10/2017,150.229996,150.520004,148.860001,150.289993,150.289993,12080700,0.059997
5/11/2017,150.309998,150.649994,149.410004,150.039993,150.039993,11841900,-0.270005
5/12/2017,150.399994,150.460007,149.630005,150.330002,150.330002,9598200,-0.069992
5/15/2017,150.169998,151.479996,149.770004,150.190002,150.190002,15064700,0.020004
5/16/2017,150.110001,150.210007,149.029999,149.779999,149.779999,14550800,-0.330002
5/17/2017,148,148.669998,144.419998,144.850006,144.850006,28300100,-3.149994
5/18/2017,144.720001,148.149994,144.509995,147.660004,147.660004,23031600,2.940003
5/19/2017,148.449997,149.389999,147.960007,148.059998,148.059998,16187900,-0.389999
5/22/2017,148.080002,148.589996,147.690002,148.240005,148.240005,12586700,0.160003
5/23/2017,148.520004,148.809998,147.25,148.070007,148.070007,12817800,-0.449997
5/24/2017,148.509995,150.229996,148.419998,150.039993,150.039993,17862400,1.529998
5/25/2017,150.300003,152.589996,149.949997,151.960007,151.960007,19891400,1.660004
5/26/2017,152.229996,152.25,151.149994,152.130005,152.130005,14996200,-0.099991
5/30/2017,151.970001,152.899994,151.639999,152.380005,152.380005,13226000,0.410004
5/31/2017,152.699997,153.350006,151.089996,151.460007,151.460007,18023900,-1.23999
6/1/2017,151.75,152.289993,150.300003,151.529999,151.529999,14530600,-0.220001
6/2/2017,151.850006,153.630005,151.300003,153.610001,153.610001,16854400,1.759995
6/5/2017,153.639999,154.710007,153.410004,153.630005,153.630005,12520400,-0.009994
6/6/2017,153.410004,154.520004,152.479996,152.809998,152.809998,13457100,-0.600006
6/7/2017,153.270004,153.75,152.339996,153.119995,153.119995,12066700,-0.150009
6/8/2017,154.080002,154.729996,153.100006,154.710007,154.710007,17719700,0.630005
6/9/2017,154.770004,155.589996,146.610001,149.600006,149.600006,35577700,-5.169998
6/12/2017,148.169998,149.199997,144.559998,148.440002,148.440002,33170200,0.270004
6/13/2017,150.149994,151.179993,148.899994,150.679993,150.679993,20483400,0.529999
6/14/2017,151.259995,152.399994,149.050003,150.25,150.25,20808800,-1.009995
6/15/2017,147.669998,150.039993,146.369995,149.800003,149.800003,18994200,2.130005
6/16/2017,149.589996,150.830002,148.600006,150.639999,150.639999,22882400,1.050003
6/19/2017,151.710007,153.570007,151.710007,152.869995,152.869995,19026500,1.159988
6/20/2017,152.880005,153.839996,152.210007,152.25,152.25,14743900,-0.630005
6/21/2017,152.360001,154.080002,151.880005,153.910004,153.910004,15039800,1.550003
6/22/2017,153.009995,154.550003,152.910004,153.399994,153.399994,13005500,0.389999
6/23/2017,152.720001,155.199997,152.649994,155.070007,155.070007,18027000,2.350006
6/26/2017,156.25,156.5,153.199997,153.589996,153.589996,18049700,-2.660004
6/27/2017,152.839996,153.309998,150.389999,150.580002,150.580002,19360800,-2.259994
6/28/2017,150.919998,153.470001,149.860001,153.240005,153.240005,16719100,2.320007
6/29/2017,152.279999,152.5,148.919998,151.039993,151.039993,23973500,-1.240006
6/30/2017,151.899994,151.919998,150.059998,150.979996,150.979996,17666000,-0.919998
7/3/2017,151.720001,152.149994,147.800003,148.429993,148.429993,13862700,-3.290008
7/5/2017,149,150.850006,148.130005,150.339996,150.339996,14334300,1.339996
7/6/2017,149.029999,150.039993,148,148.820007,148.820007,14951800,-0.209992
7/7/2017,149.25,151.990005,149.190002,151.440002,151.440002,13615900,2.190002
7/10/2017,151.690002,153.979996,151.509995,153.5,153.5,13378700,1.809998
7/11/2017,153.369995,155.419998,152.910004,155.270004,155.270004,13667700,1.900009
7/12/2017,156.490005,159.160004,156.199997,158.899994,158.899994,22739400,2.409989
7/13/2017,158.740005,159.779999,158.419998,159.259995,159.259995,13929200,0.51999
7/14/2017,160.130005,160.320007,159.330002,159.970001,159.970001,16371200,-0.160004
7/17/2017,160.25,160.779999,158.809998,159.729996,159.729996,12858800,-0.520004
7/18/2017,159.660004,163.729996,159.419998,162.860001,162.860001,23722900,3.199997
7/19/2017,163.589996,165.699997,163.169998,164.139999,164.139999,26273600,0.550003
7/20/2017,164.800003,165,162.809998,164.529999,164.529999,18523100,-0.270004
7/21/2017,164.160004,165.050003,163.75,164.429993,164.429993,14744000,0.269989
7/24/2017,164.639999,166.169998,164.309998,166,166,17367000,1.360001
7/25/2017,165.009995,165.539993,163.860001,165.279999,165.279999,15383200,0.270004
7/26/2017,166.009995,166.009995,164.100006,165.610001,165.610001,35236900,-0.399994
7/27/2017,174.699997,175.490005,167.5,170.440002,170.440002,68910700,-4.259995
7/28/2017,169.070007,173.429993,169.050003,172.449997,172.449997,24557600,3.37999
7/31/2017,172,172.720001,168.550003,169.25,169.25,25478900,-2.75
8/1/2017,169.820007,170.470001,169.050003,169.860001,169.860001,14385000,0.039994
8/2/2017,170.300003,170.550003,166.910004,169.300003,169.300003,17433800,-1
8/3/2017,169.300003,169.699997,168.25,168.589996,168.589996,10793800,-0.710007
8/4/2017,168.970001,170.059998,168.690002,169.619995,169.619995,10777700,0.649994
8/7/2017,169.949997,172.059998,169.660004,171.979996,171.979996,12787800,2.029999
8/8/2017,171.880005,173.050003,170.619995,171.229996,171.229996,14393500,-0.650009
8/9/2017,169.979996,171.449997,169.559998,171.179993,171.179993,10815000,1.199997
8/10/2017,170.059998,170.589996,166.850006,167.399994,167.399994,20832700,-2.660004
8/11/2017,167.949997,168.820007,166.850006,168.080002,168.080002,13791200,0.130005
8/14/2017,170.089996,171.080002,169.289993,170.75,170.75,12954200,0.660004
8/15/2017,171.490005,171.5,170.009995,171,171,8729200,-0.490005
8/16/2017,171.25,171.380005,169.240005,170,170,15779900,-1.25
8/17/2017,169.339996,169.860001,166.850006,166.910004,166.910004,17216000,-2.429992
8/18/2017,166.839996,168.669998,166.210007,167.410004,167.410004,15093600,0.570008
8/21/2017,167.160004,168,165.820007,167.779999,167.779999,11907500,0.619995
8/22/2017,168.279999,169.869995,167.149994,169.639999,169.639999,11391000,1.36
8/23/2017,168.839996,169.360001,168.199997,168.710007,168.710007,9856500,-0.129989
8/24/2017,168.880005,169.289993,166.410004,167.740005,167.740005,14030400,-1.14
8/25/2017,167.860001,168.380005,166.179993,166.320007,166.320007,12614500,-1.539994
8/28/2017,166.910004,167.699997,166.330002,167.240005,167.240005,8553700,0.330001
8/29/2017,165.25,168.429993,165,168.050003,168.050003,11121000,2.800003
8/30/2017,168.169998,170.179993,167.630005,169.919998,169.919998,11138300,1.75
8/31/2017,170.399994,172.149994,170.059998,171.970001,171.970001,17226500,1.570007
9/1/2017,172.399994,172.919998,171.309998,172.020004,172.020004,11677600,-0.37999
9/5/2017,171.270004,172.389999,169.550003,170.720001,170.720001,13210900,-0.550003
9/6/2017,170.910004,172.479996,169.570007,172.089996,172.089996,13906300,1.179992
9/7/2017,171.940002,173.309998,170.270004,173.210007,173.210007,18049500,1.270005
9/8/2017,173.089996,173.490005,170.800003,170.949997,170.949997,10998500,-2.139999
9/11/2017,172.399994,173.889999,172.199997,173.509995,173.509995,12372000,1.110001
9/12/2017,173.759995,174,171.75,172.960007,172.960007,11186300,-0.799988
9/13/2017,173.009995,173.169998,172.059998,173.050003,173.050003,9119300,0.040008
9/14/2017,172.259995,172.279999,170.5,170.960007,170.960007,15615700,-1.299988
9/15/2017,170.880005,172.339996,170.259995,171.639999,171.639999,15660500,0.759994
9/18/2017,171.990005,172.070007,169.339996,170.009995,170.009995,12954000,-1.98001
9/19/2017,170.619995,172.559998,170.360001,172.520004,172.520004,13168600,1.900009
9/20/2017,172.5,173.050003,170.699997,172.169998,172.169998,12264100,-0.330002
9/21/2017,171.690002,172.270004,170.009995,171.110001,171.110001,11161400,-0.580001
9/22/2017,170.210007,171.729996,169.220001,170.539993,170.539993,12097100,0.329986
9/25/2017,169.240005,169.300003,161.559998,162.869995,162.869995,41251600,-6.37001
9/26/2017,164.5,165.5,162.779999,164.210007,164.210007,23363300,-0.289993
9/27/2017,165.899994,168.339996,165.570007,167.679993,167.679993,19242500,1.779999
9/28/2017,167.940002,169.070007,167.160004,168.729996,168.729996,12178700,0.789994
9/29/2017,168.830002,171.660004,168.809998,170.869995,170.869995,15340400,2.039993
10/2/2017,171.389999,171.869995,168.75,169.470001,169.470001,13392300,-1.919998
10/3/2017,169.300003,170.729996,169.199997,169.960007,169.960007,8190300,0.660004
10/4/2017,169.830002,170.669998,168.289993,168.419998,168.419998,12127900,-1.410004
10/5/2017,169.179993,171.309998,168.600006,171.240005,171.240005,14580600,2.060012
10/6/2017,170.25,172.369995,169.75,172.229996,172.229996,13124500,1.979996
10/9/2017,172.699997,174.880005,172,172.5,172.5,14570400,-0.199997
10/10/2017,173,173.199997,170.800003,171.589996,171.589996,11341100,-1.410004
10/11/2017,171.949997,172.779999,171.399994,172.740005,172.740005,11283700,0.790008
10/12/2017,172.610001,173.850006,172.289993,172.550003,172.550003,10351000,-0.059998
10/13/2017,173.449997,174.649994,173.199997,173.740005,173.740005,13658300,0.290008
10/16/2017,174.490005,175,174.059998,174.520004,174.520004,11498800,0.029999
10/17/2017,174.710007,176.130005,174.360001,176.110001,176.110001,15990100,1.399994
10/18/2017,176.649994,176.740005,175.75,176.029999,176.029999,12752400,-0.619995
10/19/2017,174.929993,176.029999,172.630005,174.559998,174.559998,14048400,-0.369995
10/20/2017,175.5,175.880005,174.630005,174.979996,174.979996,12602200,-0.520004
10/23/2017,175.199997,175.339996,171.25,171.270004,171.270004,13852700,-3.929993
10/24/2017,172.300003,173.240005,171.5,171.800003,171.800003,12267900,-0.5
10/25/2017,171.899994,172.25,168.889999,170.600006,170.600006,15868200,-1.299988
10/26/2017,171.380005,172.289993,170.389999,170.630005,170.630005,11833100,-0.75
10/27/2017,174.149994,178.210007,173.899994,177.880005,177.880005,30285300,3.730011
10/30/2017,179.259995,180.690002,177.610001,179.869995,179.869995,24353200,0.61
10/31/2017,180.570007,180.800003,178.940002,180.059998,180.059998,20174200,-0.510009
11/1/2017,182.360001,182.899994,180.570007,182.660004,182.660004,40918300,0.300003
11/2/2017,180.630005,181.940002,177.339996,178.919998,178.919998,35529900,-1.710007
11/3/2017,179.289993,179.860001,176.710007,178.919998,178.919998,17822100,-0.369995
11/6/2017,178.559998,180.449997,178.309998,180.169998,180.169998,13312700,1.61
11/7/2017,180.5,180.75,178.960007,180.25,180.25,12928200,-0.25
11/8/2017,179.789993,180.350006,179.110001,179.559998,179.559998,10494100,-0.229995
11/9/2017,178.309998,179.399994,177.089996,179.300003,179.300003,12610300,0.990005
11/10/2017,178.350006,179.100006,177.960007,178.460007,178.460007,11070200,0.110001
11/13/2017,177.5,179.039993,177.300003,178.770004,178.770004,9523400,1.270004
11/14/2017,178.130005,178.970001,177.179993,178.070007,178.070007,9585900,-0.059998
11/15/2017,176.660004,178.570007,176.399994,177.949997,177.949997,10253700,1.289993
11/16/2017,178.759995,179.830002,178.5,179.589996,179.589996,15607600,0.830001
11/17/2017,179.300003,179.979996,178.899994,179,179,13018000,-0.300003
11/20/2017,178.869995,179.5,178.100006,178.740005,178.740005,10052400,-0.12999
11/21/2017,179.149994,181.889999,178.990005,181.860001,181.860001,14504000,2.710007
11/22/2017,181.300003,181.729996,180.440002,180.869995,180.869995,10376300,-0.430008
11/24/2017,180.399994,183.149994,180.289993,182.779999,182.779999,9426300,2.380005
11/27/2017,182.559998,183.729996,181.990005,183.029999,183.029999,12344500,0.470001
11/28/2017,183.509995,184.25,182.089996,182.419998,182.419998,14379700,-1.089997
11/29/2017,181.889999,181.970001,174,175.130005,175.130005,41933500,-6.759994
11/30/2017,176.850006,178.279999,175.199997,177.179993,177.179993,25307600,0.329987
12/1/2017,176.029999,177.479996,172.339996,175.100006,175.100006,20182500,-0.929993
12/4/2017,176.289993,176.570007,170.789993,171.470001,171.470001,24459400,-4.819992
12/5/2017,170.449997,175.380005,169.009995,172.830002,172.830002,20184900,2.380005
12/6/2017,172.5,176.770004,171.899994,176.059998,176.059998,20255800,3.559998
12/7/2017,175.800003,180.389999,175.800003,180.139999,180.139999,20404500,4.339996
12/8/2017,181.529999,182.279999,178.740005,179,179,19883800,-2.529999
12/11/2017,179.300003,180.220001,178.800003,179.039993,179.039993,13168600,-0.26001
12/12/2017,178.600006,179.179993,176.600006,176.960007,176.960007,16854100,-1.639999
12/13/2017,177.300003,179.160004,177.25,178.300003,178.300003,14615700,1
12/14/2017,178.289993,180.360001,177.679993,178.389999,178.389999,13591000,0.100006
12/15/2017,179.020004,180.490005,178.360001,180.179993,180.179993,28463100,1.159989
12/18/2017,181.009995,181.300003,179.75,180.820007,180.820007,17265400,-0.189988
12/19/2017,179.949997,180.080002,178.220001,179.509995,179.509995,14920600,-0.440002
12/20/2017,179.809998,179.809998,177.360001,177.889999,177.889999,11860500,-1.919999
12/21/2017,177.940002,178.679993,177.050003,177.449997,177.449997,11600700,-0.490005
12/22/2017,177.139999,177.529999,176.229996,177.199997,177.199997,8509500,0.059998
12/26/2017,176.630005,177,174.669998,175.990005,175.990005,8897300,-0.64
12/27/2017,176.550003,178.440002,176.259995,177.619995,177.619995,9496100,1.069992
12/28/2017,177.949997,178.940002,177.679993,177.919998,177.919998,12220800,-0.029999
12/29/2017,178,178.850006,176.460007,176.460007,176.460007,10261500,-1.539993
1/2/2018,177.679993,181.580002,177.550003,181.419998,181.419998,18151900,3.740005
1/3/2018,181.880005,184.779999,181.330002,184.669998,184.669998,16886600,2.789993
1/4/2018,184.899994,186.210007,184.100006,184.330002,184.330002,13880900,-0.569992
1/5/2018,185.589996,186.899994,184.929993,186.850006,186.850006,13574500,1.26001
1/8/2018,187.199997,188.899994,186.330002,188.279999,188.279999,17994700,1.080002
1/9/2018,188.699997,188.800003,187.100006,187.869995,187.869995,12393100,-0.830002
1/10/2018,186.940002,187.889999,185.630005,187.839996,187.839996,10529900,0.899994
1/11/2018,188.399994,188.399994,187.380005,187.770004,187.770004,9588600,-0.62999
1/12/2018,178.059998,181.479996,177.399994,179.369995,179.369995,77551300,1.309997
1/16/2018,181.5,181.75,178.039993,178.389999,178.389999,36183800,-3.110001
1/17/2018,179.259995,179.320007,175.800003,177.600006,177.600006,27992400,-1.659989
1/18/2018,178.130005,180.979996,177.080002,179.800003,179.800003,23304900,1.669998
1/19/2018,180.850006,182.369995,180.169998,181.289993,181.289993,26826500,0.439987
1/22/2018,180.800003,185.389999,180.410004,185.369995,185.369995,21059500,4.569992
1/23/2018,186.050003,189.550003,185.550003,189.350006,189.350006,25678800,3.300003
1/24/2018,189.889999,190.660004,186.520004,186.550003,186.550003,24334500,-3.339996
1/25/2018,187.949997,188.619995,186.600006,187.479996,187.479996,17377700,-0.470001
1/26/2018,187.75,190,186.809998,190,190,17759200,2.25
1/29/2018,188.75,188.839996,185.630005,185.979996,185.979996,20453200,-2.770004
1/30/2018,187.619995,188.179993,181.839996,187.119995,187.119995,20858600,-0.5
1/31/2018,188.369995,189.830002,185.220001,186.889999,186.889999,43275100,-1.479996
2/1/2018,188.220001,195.320007,187.889999,193.089996,193.089996,54211300,4.869995
2/2/2018,192.039993,194.210007,189.979996,190.279999,190.279999,26677500,-1.759994
2/5/2018,186.929993,190.610001,180.610001,181.259995,181.259995,33128200,-5.669998
2/6/2018,178.570007,185.770004,177.740005,185.309998,185.309998,37758500,6.739991
2/7/2018,184.149994,185.080002,179.949997,180.179993,180.179993,27601900,-3.970001
2/8/2018,181.009995,181.839996,171.479996,171.580002,171.580002,38478300,-9.429993
2/9/2018,174.759995,176.899994,167.179993,176.110001,176.110001,39887600,1.350006
2/12/2018,177.059998,177.550003,171.839996,176.410004,176.410004,32092100,-0.649994
2/13/2018,175.619995,175.970001,173.100006,173.149994,173.149994,21809400,-2.470001
2/14/2018,173.449997,179.809998,173.210007,179.520004,179.520004,28929700,6.070007
2/15/2018,180.5,180.5,176.839996,179.960007,179.960007,20922100,-0.539993
2/16/2018,178.990005,179.880005,176.300003,177.360001,177.360001,21015600,-1.630004
2/20/2018,175.770004,177.949997,175.110001,176.009995,176.009995,21204900,0.239991
2/21/2018,176.710007,181.270004,176.399994,177.910004,177.910004,23200800,1.199997
2/22/2018,178.699997,180.210007,177.410004,178.990005,178.990005,18464200,0.290008
2/23/2018,179.899994,183.389999,179.509995,183.289993,183.289993,19007300,3.389999
2/26/2018,184.580002,185.660004,183.220001,184.929993,184.929993,17599700,0.349991
2/27/2018,184.449997,184.699997,181.460007,181.460007,181.460007,15849800,-2.98999
2/28/2018,182.300003,182.880005,178.139999,178.320007,178.320007,18783000,-3.979996
3/1/2018,179.009995,180.119995,174.410004,175.940002,175.940002,23201600,-3.069993
3/2/2018,173.289993,177.110001,172.990005,176.619995,176.619995,20025900,3.330002
3/5/2018,176.199997,181.149994,175.889999,180.399994,180.399994,16189300,4.199997
3/6/2018,181.779999,182.380005,179.110001,179.779999,179.779999,15086800,-2
3/7/2018,178.740005,183.820007,178.070007,183.710007,183.710007,19097300,4.970002
3/8/2018,183.559998,184.399994,181.449997,182.339996,182.339996,17225900,-1.220002
3/9/2018,183.910004,185.509995,183.210007,185.229996,185.229996,18526300,1.319992
3/12/2018,185.229996,186.100006,184.220001,184.759995,184.759995,15301200,-0.470001
3/13/2018,185.610001,185.990005,181.110001,181.880005,181.880005,18067500,-3.729996
3/14/2018,182.600006,184.25,181.850006,184.190002,184.190002,16821700,1.589996
3/15/2018,183.240005,184,182.190002,183.860001,183.860001,15614300,0.619996
3/16/2018,184.490005,185.330002,183.410004,185.089996,185.089996,24403400,0.599991
3/19/2018,177.009995,177.169998,170.059998,172.559998,172.559998,88140100,-4.449997
3/20/2018,167.470001,170.199997,161.949997,168.149994,168.149994,129851800,0.679993
3/21/2018,164.800003,173.399994,163.300003,169.389999,169.389999,106598800,4.589996
3/22/2018,166.130005,170.270004,163.720001,164.889999,164.889999,73743000,-1.240006
3/23/2018,165.440002,166.600006,159.020004,159.389999,159.389999,53609700,-6.050003
3/26/2018,160.820007,161.100006,149.020004,160.059998,160.059998,126116600,-0.760009
3/27/2018,156.309998,162.850006,150.75,152.220001,152.220001,79117000,-4.089997
3/28/2018,151.649994,155.880005,150.800003,153.029999,153.029999,60029200,1.380005
3/29/2018,155.149994,161.419998,154.139999,159.789993,159.789993,59434300,4.639999
4/2/2018,157.809998,159.199997,154.110001,155.389999,155.389999,36796000,-2.419999
4/3/2018,156.550003,157.389999,150.809998,156.110001,156.110001,42034000,-0.440002
4/4/2018,152.029999,155.559998,150.509995,155.100006,155.100006,49885600,3.070007
4/5/2018,161.559998,161.570007,156.649994,159.339996,159.339996,41449600,-2.220002
4/6/2018,157.729996,161.419998,156.809998,157.199997,157.199997,41644800,-0.529999
4/9/2018,157.820007,160.529999,156.039993,157.929993,157.929993,34915200,0.109986
4/10/2018,157.929993,165.979996,157.009995,165.039993,165.039993,57889300,7.11
4/11/2018,165.360001,168.649994,163.25,166.320007,166.320007,56144600,0.960006
4/12/2018,166.979996,167.449997,163.100006,163.869995,163.869995,38263000,-3.110001
4/13/2018,164.580002,165.699997,163.770004,164.520004,164.520004,19990600,-0.059998
4/16/2018,165.720001,165.779999,163.389999,164.830002,164.830002,18119400,-0.889999
4/17/2018,165.830002,169,165.660004,168.660004,168.660004,22743000,2.830002
4/18/2018,166.880005,168.119995,165.770004,166.360001,166.360001,20969600,-0.520004
4/19/2018,166.199997,168.330002,165.199997,168.100006,168.100006,22235000,1.900009
4/20/2018,167.789993,168.429993,165.809998,166.279999,166.279999,19119400,-1.509994
4/23/2018,167.270004,168.449997,165.089996,165.839996,165.839996,23088100,-1.430008
4/24/2018,165.429993,166.100006,158.190002,159.690002,159.690002,35079900,-5.739991
4/25/2018,160.139999,161.059998,156.190002,159.690002,159.690002,41083600,-0.449997
4/26/2018,173.220001,176.270004,170.800003,174.160004,174.160004,77556900,0.940003
4/27/2018,176.809998,177.100006,172.600006,173.589996,173.589996,29804700,-3.220002
4/30/2018,173.789993,175.720001,171.710007,172,172,20750500,-1.789993
5/1/2018,172,174.020004,170.229996,173.860001,173.860001,26025900,1.860001
5/2/2018,174.25,178.080002,174.199997,176.070007,176.070007,30424500,1.820007
5/3/2018,175.130005,176.119995,172.119995,174.020004,174.020004,24026100,-1.110001
5/4/2018,173.080002,176.979996,173.059998,176.610001,176.610001,17677800,3.529999
5/7/2018,177.350006,179.5,177.169998,177.970001,177.970001,18697200,0.619995
5/8/2018,178.25,179.039993,177.110001,178.919998,178.919998,15577200,0.669998
5/9/2018,179.669998,183.009995,178.779999,182.660004,182.660004,23282800,2.990006
5/10/2018,183.149994,186.130005,182.5,185.529999,185.529999,21071400,2.380005
5/11/2018,184.850006,188.320007,184.179993,186.990005,186.990005,21207800,2.139999
5/14/2018,187.710007,187.860001,186.199997,186.639999,186.639999,15646700,-1.070008
5/15/2018,184.880005,185.289993,183.199997,184.320007,184.320007,15429400,-0.559998
5/16/2018,183.699997,184.320007,182.660004,183.199997,183.199997,16714200,-0.5
